District Name,Rural/Urban,Total Number of households,Total Number of Livable,Total Number of Dilapidated,Latrine_premise
Kupwara,Rural,100,58.1,8.3,48.9
Kupwara,Total,100,57.3,7.9,50.9
Kupwara,Urban,100,49.5,4.8,70.2
Badgam,Rural,100,46.3,3.9,83.3
Badgam,Total,100,44.7,3.8,84.3
Badgam,Urban,100,33.8,2.6,90.4
Leh(Ladakh),Rural,100,51.5,2.1,88.1
Leh(Ladakh),Total,100,52.4,1.8,90.4
Leh(Ladakh),Urban,100,54.6,1.1,95.8
Kargil,Rural,100,73.3,3.5,96.8
Kargil,Total,100,72.6,3.2,96.9
Kargil,Urban,100,68.8,1.2,97.5
Punch,Rural,100,59.5,2.4,13.7
Punch,Total,100,56.9,2.3,18.7
Punch,Urban,100,27.3,0.8,75.3
Rajouri,Rural,100,52.9,2.7,10.2
Rajouri,Total,100,51,2.6,14.3
Rajouri,Urban,100,18.6,1.7,85.5
Kathua,Rural,100,36.7,3.5,14.2
Kathua,Total,100,35.3,3.4,22.1
Kathua,Urban,100,27,3.1,67.1
Baramula,Rural,100,46.1,5.3,74.3
Baramula,Total,100,44,5.2,77.6
Baramula,Urban,100,34,5,92.5
Bandipore,Rural,100,53.7,7.4,70.1
Bandipore,Total,100,50,6.9,74
Bandipore,Urban,100,31,4.3,94.3
Srinagar,Rural,100,38.4,6.3,88.7
Srinagar,Total,100,23.5,2.2,97.9
Srinagar,Urban,100,23.2,2.2,98.1
Ganderbal,Rural,100,47.4,9.5,69.5
Ganderbal,Total,100,43.5,8.8,72.8
Ganderbal,Urban,100,22,4.5,91.3
Pulwama,Rural,100,43,4.6,62.7
Pulwama,Total,100,42.9,4.4,66.3
Pulwama,Urban,100,42.4,3,91.1
Shupiyan,Rural,100,33.2,5.9,59
Shupiyan,Total,100,33.3,5.7,61.1
Shupiyan,Urban,100,34.4,3.3,94.8
Anantnag,Rural,100,43.3,5.1,50.8
Anantnag,Total,100,39.8,4.7,56.6
Anantnag,Urban,100,28.5,3.1,75.5
Kulgam,Rural,100,49,4.7,41.7
Kulgam,Total,100,47.7,4.6,44.9
Kulgam,Urban,100,42,4.2,58.5
Doda,Rural,100,60,1.6,24
Doda,Total,100,57.2,1.7,29.3
Doda,Urban,100,23.7,2.9,93.4
Ramban,Rural,100,51.5,2.1,17.8
Ramban,Total,100,50.3,2.1,20.1
Ramban,Urban,100,19.3,2.4,82.7
Kishtwar,Rural,100,52,3.4,20
Kishtwar,Total,100,49.8,3.3,24.2
Kishtwar,Urban,100,13.5,0.7,93.4
Udhampur,Rural,100,44.7,2,7.4
Udhampur,Total,100,39.9,2,19.3
Udhampur,Urban,100,17,1.8,75.1
Reasi,Rural,100,54.9,1.5,9
Reasi,Total,100,53.5,1.4,15.2
Reasi,Urban,100,39.5,1.1,78.8
Jammu,Rural,100,38.4,4.9,24.6
Jammu,Total,100,30.8,4.2,53.8
Jammu,Urban,100,22.6,3.4,84.9
Samba,Rural,100,30.5,3.3,26
Samba,Total,100,28.5,3,32.9
Samba,Urban,100,17.8,1.1,70.7
Chamba,Rural,100,38,2.3,48.8
Chamba,Total,100,36.6,2.2,51.5
Chamba,Urban,100,18.6,0.7,87
Kangra,Rural,100,25.3,1.4,64.4
Kangra,Total,100,25,1.4,65.5
Kangra,Urban,100,19,1.6,82.3
Lahul & Spiti,Rural,100,33.7,0.8,78.1
Lahul & Spiti,Total,100,33.7,0.8,78.1
Kullu,Rural,100,27.5,1.2,54.2
Kullu,Total,100,26.1,1.2,58.4
Kullu,Urban,100,15.4,1.3,90.6
Mandi,Rural,100,28,1.6,82
Mandi,Total,100,27.2,1.6,82.7
Mandi,Urban,100,17.3,0.7,92
Hamirpur,Rural,100,21.6,1,89.1
Hamirpur,Total,100,21.3,1,89.3
Hamirpur,Urban,100,17.2,0.6,92.3
Una,Rural,100,25.3,1.4,58.8
Una,Total,100,25.2,1.7,60.3
Una,Urban,100,24.4,4.8,74.6
Bilaspur,Rural,100,26.9,1.3,68.8
Bilaspur,Total,100,26.2,1.3,70.6
Bilaspur,Urban,100,16.9,0.8,93.5
Solan,Rural,100,24.5,1.9,69
Solan,Total,100,23.3,1.8,73.4
Solan,Urban,100,18.7,1.4,89.8
Sirmaur,Rural,100,30.9,2.8,56.9
Sirmaur,Total,100,29.4,2.6,62.1
Sirmaur,Urban,100,19.7,1,96.1
Shimla,Rural,100,24.4,2.3,59.8
Shimla,Total,100,22.7,2,68.3
Shimla,Urban,100,18.1,1.3,90.7
Kinnaur,Rural,100,29.3,1,69.2
Kinnaur,Total,100,29.3,1,69.2
Gurdaspur,Rural,100,49.4,9,50.1
Gurdaspur,Total,100,47.1,7.9,60
Gurdaspur,Urban,100,41.1,5.2,85.6
Kapurthala,Rural,100,41.4,6.1,77.4
Kapurthala,Total,100,38.1,5.4,83.3
Kapurthala,Urban,100,32,4.1,94.1
Jalandhar,Rural,100,46.7,6.2,76
Jalandhar,Total,100,42.1,5.5,86.5
Jalandhar,Urban,100,38.1,4.8,95.8
Hoshiarpur,Rural,100,41,6.5,57
Hoshiarpur,Total,100,39.6,6.1,63.9
Hoshiarpur,Urban,100,34.3,4.9,88.9
Shahid Bhagat Singh Nagar,Rural,100,40.1,5.4,66.8
Shahid Bhagat Singh Nagar,Total,100,39.2,5.6,70.5
Shahid Bhagat Singh Nagar,Urban,100,36,6.5,85.1
Fatehgarh Sahib,Rural,100,39.1,6.4,82.5
Fatehgarh Sahib,Total,100,37.8,5.8,86.3
Fatehgarh Sahib,Urban,100,35.3,4.5,93.9
Ludhiana,Rural,100,45.1,7.1,87.5
Ludhiana,Total,100,42.5,5.8,93.3
Ludhiana,Urban,100,40.9,4.9,96.9
Moga,Rural,100,45.2,7.4,85.4
Moga,Total,100,42.7,7.3,87.6
Moga,Urban,100,34.8,6.7,94.7
Firozpur,Rural,100,50.9,10.8,66.6
Firozpur,Total,100,48.2,9.7,73.2
Firozpur,Urban,100,41.1,7.1,90.7
Muktsar,Rural,100,52.8,10.7,72.3
Muktsar,Total,100,49.2,10.2,77.3
Muktsar,Urban,100,40.3,9.1,89.8
Faridkot,Rural,100,49,7.7,80.1
Faridkot,Total,100,45.9,7.9,84.6
Faridkot,Urban,100,40.4,8.1,92.8
Bathinda,Rural,100,51.1,7.4,84.3
Bathinda,Total,100,44.4,6.7,87.4
Bathinda,Urban,100,32.4,5.4,93.1
Mansa,Rural,100,46.5,7.2,62.9
Mansa,Total,100,43.8,7,67.7
Mansa,Urban,100,34.1,5.9,85
Patiala,Rural,100,48,7.1,77.3
Patiala,Total,100,41.4,5.9,85.6
Patiala,Urban,100,32.2,4.2,96.9
Amritsar,Rural,100,55.2,7.8,60.8
Amritsar,Total,100,48.1,6.5,79
Amritsar,Urban,100,42.5,5.4,93.4
Tarn Taran,Rural,100,55.7,8.1,64.8
Tarn Taran,Total,100,54.1,7.9,67.8
Tarn Taran,Urban,100,43.6,7.1,87.7
Rupnagar,Rural,100,35.6,6,56.9
Rupnagar,Total,100,33.4,5.8,66.5
Rupnagar,Urban,100,27.6,5,91.7
Sahibzada Ajit Singh Nagar,Rural,100,43.2,7.3,60.7
Sahibzada Ajit Singh Nagar,Total,100,31.9,5.2,79.1
Sahibzada Ajit Singh Nagar,Urban,100,23.7,3.8,92.4
Sangrur,Rural,100,45.7,6.1,78.6
Sangrur,Total,100,42.2,5.7,82.8
Sangrur,Urban,100,34.4,4.7,92
Barnala,Rural,100,49.7,6.5,80.2
Barnala,Total,100,46.8,6.3,83.5
Barnala,Urban,100,41,5.9,90.2
Chandigarh,Rural,100,46.9,2.8,88
Chandigarh,Total,100,27.2,3.5,87.6
Chandigarh,Urban,100,26.6,3.5,87.6
Uttarkashi,Rural,100,27,3,39.5
Uttarkashi,Total,100,26.1,2.9,43.7
Uttarkashi,Urban,100,15.9,0.8,91.5
Chamoli,Rural,100,26.3,2.5,47
Chamoli,Total,100,24.1,2.3,53.1
Chamoli,Urban,100,11.6,0.9,87.5
Rudraprayag,Rural,100,19.8,1.9,51
Rudraprayag,Total,100,19.4,1.8,52.9
Rudraprayag,Urban,100,9.7,0.3,91.6
Tehri Garhwal,Rural,100,27.6,2.8,50.1
Tehri Garhwal,Total,100,25.5,2.5,55.8
Tehri Garhwal,Urban,100,10.6,0.7,95.9
Dehradun,Rural,100,26.7,3.9,74.6
Dehradun,Total,100,23.1,3,86.4
Dehradun,Urban,100,20.4,2.4,95.2
Garhwal,Rural,100,25.1,1.8,48.3
Garhwal,Total,100,23.4,1.7,55.3
Garhwal,Urban,100,14.4,1.1,94.7
Pithoragarh,Rural,100,25.4,2.3,48
Pithoragarh,Total,100,23.1,2.1,55.2
Pithoragarh,Urban,100,9.9,0.5,96.5
Bageshwar,Rural,100,25.1,2.9,53.5
Bageshwar,Total,100,24.6,2.9,54.8
Bageshwar,Urban,100,9.1,0.9,90
Almora,Rural,100,24.1,1.7,51.6
Almora,Total,100,23.2,1.7,55.3
Almora,Urban,100,14.5,1.3,91.9
Champawat,Rural,100,40.3,6,40.4
Champawat,Total,100,38.5,6,46.4
Champawat,Urban,100,28.1,5.9,79.9
Nainital,Rural,100,31.7,5.1,69.4
Nainital,Total,100,27,4.3,79.5
Nainital,Urban,100,19.8,3,94.8
Udham Singh Nagar,Rural,100,45.9,6.7,56.9
Udham Singh Nagar,Total,100,42.6,5.8,69.3
Udham Singh Nagar,Urban,100,36.4,4,92
Hardwar,Rural,100,48.3,5.3,50.2
Hardwar,Total,100,39.4,4.1,66.6
Hardwar,Urban,100,25.3,2.2,92.6
Panchkula,Rural,100,35.2,4.9,44
Panchkula,Total,100,27.5,4.8,70.7
Panchkula,Urban,100,22.7,4.7,87.6
Ambala,Rural,100,44.2,4.3,51.1
Ambala,Total,100,37,3.9,68.7
Ambala,Urban,100,28.4,3.3,89.3
Yamunanagar,Rural,100,47.1,6.4,46
Yamunanagar,Total,100,41.6,5.4,65.2
Yamunanagar,Urban,100,33.9,4,91.9
Kurukshetra,Rural,100,46,4.3,69.1
Kurukshetra,Total,100,41.1,4,76
Kurukshetra,Urban,100,29.6,3.5,92.4
Kaithal,Rural,100,48.5,4.8,57.7
Kaithal,Total,100,45.8,4.6,63.4
Kaithal,Urban,100,36.9,4.1,82.7
Karnal,Rural,100,47.5,4.9,68.6
Karnal,Total,100,41.7,4.2,75.9
Karnal,Urban,100,29.3,2.6,91.6
Panipat,Rural,100,47.6,4.2,66.7
Panipat,Total,100,43.5,3.5,80.2
Panipat,Urban,100,39,2.9,94.9
Sonipat,Rural,100,50.2,4.7,56.2
Sonipat,Total,100,45.4,4.3,68.1
Sonipat,Urban,100,35.6,3.4,92.2
Jind,Rural,100,51.1,5,51.3
Jind,Total,100,47,4.4,59.9
Jind,Urban,100,33.9,2.8,87.6
Fatehabad,Rural,100,46.4,5.7,72.9
Fatehabad,Total,100,43.9,5.5,76.4
Fatehabad,Urban,100,33.8,4.9,90.9
Sirsa,Rural,100,41.7,5.9,87.5
Sirsa,Total,100,39.5,5.4,89.7
Sirsa,Urban,100,33,4.1,95.9
Hisar,Rural,100,46.5,5.5,62.5
Hisar,Total,100,41.9,4.8,71.1
Hisar,Urban,100,32.2,3.3,89.5
Bhiwani,Rural,100,45.9,5.3,49.2
Bhiwani,Total,100,45,5.1,56.9
Bhiwani,Urban,100,41.6,4.4,86.8
Rohtak,Rural,100,49.3,4.7,58.4
Rohtak,Total,100,42.4,3.9,72.9
Rohtak,Urban,100,33.3,2.7,92.1
Jhajjar,Rural,100,45.1,4.9,58.5
Jhajjar,Total,100,44,4.8,67.4
Jhajjar,Urban,100,40.9,4.5,91.7
Mahendragarh,Rural,100,42.1,3.1,39
Mahendragarh,Total,100,41.4,3,44.3
Mahendragarh,Urban,100,37.2,2.8,77.2
Rewari,Rural,100,41.7,3.3,49.8
Rewari,Total,100,39,3.1,59.4
Rewari,Urban,100,31,2.4,87.8
Gurgaon,Rural,100,39.3,3.2,65.6
Gurgaon,Total,100,30.7,3.7,84.6
Gurgaon,Urban,100,27.4,3.9,91.7
Mewat,Rural,100,58.4,9,17.8
Mewat,Total,100,56.3,8.5,23.4
Mewat,Urban,100,41.2,4.8,62.5
Faridabad,Rural,100,43.2,4.3,58.6
Faridabad,Total,100,39.8,2.8,84
Faridabad,Urban,100,39.1,2.4,89.2
Palwal,Rural,100,51.1,6.3,32.1
Palwal,Total,100,47.5,5.6,44.4
Palwal,Urban,100,36.2,3.6,82.8
North West,Rural,100,46.6,4.5,64.1
North West,Total,100,35,3.4,84.7
North West,Urban,100,34.4,3.3,85.9
North,Rural,100,25.3,0.9,98
North,Total,100,36.9,3.4,90
North,Urban,100,37.1,3.5,89.9
North East,Rural,100,36.4,2.8,95
North East,Total,100,35.6,2,95.1
North East,Urban,100,35.6,2,95.1
East,Rural,100,6.7,1.2,98.1
East,Total,100,24.1,1.9,93.4
East,Urban,100,24.2,1.9,93.4
New Delhi,Total,100,28.8,3.7,77.9
New Delhi,Urban,100,28.8,3.7,77.9
Central,Total,100,39.3,3.2,90.8
Central,Urban,100,39.3,3.2,90.8
West,Rural,100,48.3,1.8,87.1
West,Total,100,28.9,2.8,89.9
West,Urban,100,28.8,2.8,89.9
South West,Rural,100,35.5,3.3,87.7
South West,Total,100,28.1,2.6,91
South West,Urban,100,27.7,2.6,91.2
South,Rural,100,41.3,4.6,90.6
South,Total,100,30.4,2.9,88
South,Urban,100,30.3,2.9,88
Ganganagar,Rural,100,42.1,2.5,81.3
Ganganagar,Total,100,39.3,2.7,84.7
Ganganagar,Urban,100,32.2,3.3,93.6
Hanumangarh,Rural,100,36.8,2.4,82.3
Hanumangarh,Total,100,35.9,2.5,84.6
Hanumangarh,Urban,100,32.2,3.1,93.9
Bikaner,Rural,100,50.6,4.9,29.5
Bikaner,Total,100,42.3,3.8,51.9
Bikaner,Urban,100,27.3,1.7,92.6
Churu,Rural,100,39.2,5.8,47
Churu,Total,100,36.8,4.9,57.8
Churu,Urban,100,30.4,2.2,87.5
Jhunjhunun,Rural,100,24.4,2.4,45.7
Jhunjhunun,Total,100,24.6,2.3,53.6
Jhunjhunun,Urban,100,25.4,1.8,82.5
Alwar,Rural,100,39.5,3.6,14.8
Alwar,Total,100,37.4,3.2,27.5
Alwar,Urban,100,28.8,1.6,79.3
Bharatpur,Rural,100,54.5,4.7,7.8
Bharatpur,Total,100,52,4.2,20.3
Bharatpur,Urban,100,42,2.4,69.5
Dhaulpur,Rural,100,58.4,6.6,4.8
Dhaulpur,Total,100,54.6,5.9,16.4
Dhaulpur,Urban,100,39.8,3.5,62.8
Karauli,Rural,100,62.4,5.6,8.2
Karauli,Total,100,59.4,5.3,15.9
Karauli,Urban,100,41.5,3.1,62.4
Sawai Madhopur,Rural,100,55.2,4.4,8.8
Sawai Madhopur,Total,100,51.4,4.1,20.7
Sawai Madhopur,Urban,100,34.8,2.6,72.2
Dausa,Rural,100,47.1,5.3,9.3
Dausa,Total,100,44.7,4.9,17.4
Dausa,Urban,100,26.8,1.4,77
Jaipur,Rural,100,42.6,4.2,22
Jaipur,Total,100,33.9,2.5,60.6
Jaipur,Urban,100,27.1,1.2,90.7
Sikar,Rural,100,31.4,2.8,40.2
Sikar,Total,100,30.4,2.5,50
Sikar,Urban,100,26.9,1.6,84.7
Nagaur,Rural,100,46.4,6.3,26.5
Nagaur,Total,100,43.9,5.6,35.8
Nagaur,Urban,100,32,2.4,80.6
Jodhpur,Rural,100,49.5,5.2,13.7
Jodhpur,Total,100,41.4,4,39.7
Jodhpur,Urban,100,25.8,1.7,90.1
Jaisalmer,Rural,100,56.1,3.2,16.7
Jaisalmer,Total,100,54,3,23.3
Jaisalmer,Urban,100,40.4,1.7,66.5
Barmer,Rural,100,59.4,5.3,9.7
Barmer,Total,100,57.2,5.1,14.9
Barmer,Urban,100,29,2.5,82.8
Jalor,Rural,100,52.1,8.4,11.3
Jalor,Total,100,50.8,8,15.5
Jalor,Urban,100,36.5,4,61.9
Sirohi,Rural,100,50.8,6.9,16.2
Sirohi,Total,100,45.9,5.9,26.8
Sirohi,Urban,100,26.8,1.9,68.2
Pali,Rural,100,50.1,5.4,18.7
Pali,Total,100,46.7,4.8,29
Pali,Urban,100,33.2,2.5,69.1
Ajmer,Rural,100,49.9,3.4,14.1
Ajmer,Total,100,41.3,2.5,42.3
Ajmer,Urban,100,27.9,1.1,86.2
Tonk,Rural,100,54.1,1.9,6.9
Tonk,Total,100,50.5,2,18.7
Tonk,Urban,100,36.3,2.5,65.7
Bundi,Rural,100,56.3,3.4,8.3
Bundi,Total,100,51.9,3.1,19.1
Bundi,Urban,100,33.6,2,64.2
Bhilwara,Rural,100,55.5,3.6,10.5
Bhilwara,Total,100,50.4,3.1,23.4
Bhilwara,Urban,100,30.1,1.3,74.7
Rajsamand,Rural,100,54.6,4.2,11.3
Rajsamand,Total,100,51.2,3.7,20
Rajsamand,Urban,100,30.9,1,71.4
Dungarpur,Rural,100,62.1,6.2,9.1
Dungarpur,Total,100,59.7,5.9,13.4
Dungarpur,Urban,100,25.6,2.1,74.1
Banswara,Rural,100,68.6,9.1,6.9
Banswara,Total,100,65.3,8.6,12.4
Banswara,Urban,100,23.5,2.3,82.5
Chittaurgarh,Rural,100,54.9,3.6,9.6
Chittaurgarh,Total,100,49.9,3.3,20.8
Chittaurgarh,Urban,100,26.8,1.8,72.5
Kota,Rural,100,46.3,2.8,12.3
Kota,Total,100,36,2.2,51.4
Kota,Urban,100,29.3,1.9,76.8
Baran,Rural,100,50.7,3.1,7.5
Baran,Total,100,47.5,2.9,17.6
Baran,Urban,100,34.9,2,57.3
Jhalawar,Rural,100,59.7,4.3,7.2
Jhalawar,Total,100,55,3.9,16.6
Jhalawar,Urban,100,30,2.1,66.9
Udaipur,Rural,100,60.1,3.8,9.3
Udaipur,Total,100,52.6,3.3,24.4
Udaipur,Urban,100,22,1.2,86.2
Pratapgarh,Rural,100,63.2,2.5,6.2
Pratapgarh,Total,100,60,2.4,11.4
Pratapgarh,Urban,100,24,1.4,70.1
Saharanpur,Rural,100,46.5,5.7,42.9
Saharanpur,Total,100,43.6,4.9,58.3
Saharanpur,Urban,100,37.3,3.1,92
Muzaffarnagar,Rural,100,50.2,4.6,54.9
Muzaffarnagar,Total,100,47.2,4.2,66
Muzaffarnagar,Urban,100,40,3.2,92.6
Bijnor,Rural,100,52.6,5.5,50.4
Bijnor,Total,100,50.2,5,60.5
Bijnor,Urban,100,42.7,3.2,92.4
Moradabad,Rural,100,63.5,6,47.8
Moradabad,Total,100,57.7,5.1,63.2
Moradabad,Urban,100,46.2,3.2,93.6
Rampur,Rural,100,64.9,6.2,56.4
Rampur,Total,100,60.6,5.6,66.2
Rampur,Urban,100,48.5,3.9,94.3
Jyotiba Phule Nagar,Rural,100,60.5,5.9,40.3
Jyotiba Phule Nagar,Total,100,58,5.4,53.2
Jyotiba Phule Nagar,Urban,100,50.7,4,92
Meerut,Rural,100,49.9,4.1,53.1
Meerut,Total,100,42.5,3,74.1
Meerut,Urban,100,35.9,2.1,92.9
Baghpat,Rural,100,52.3,3.2,58.8
Baghpat,Total,100,51,3.2,64.7
Baghpat,Urban,100,46.5,3.1,86.5
Ghaziabad,Rural,100,50.7,3.6,59.8
Ghaziabad,Total,100,38.9,2.3,84.6
Ghaziabad,Urban,100,34.1,1.8,94.8
Gautam Buddha Nagar,Rural,100,42.3,2.4,51.7
Gautam Buddha Nagar,Total,100,33,1.6,77.7
Gautam Buddha Nagar,Urban,100,28.1,1.3,91.5
Bulandshahr,Rural,100,56.3,4.3,30.9
Bulandshahr,Total,100,53.1,3.9,44.3
Bulandshahr,Urban,100,43.3,2.8,85
Aligarh,Rural,100,56.7,4.3,21.4
Aligarh,Total,100,52,3.8,42
Aligarh,Urban,100,42.4,2.7,84.4
Mahamaya Nagar,Rural,100,55.1,4.2,16.5
Mahamaya Nagar,Total,100,53.3,4,28.4
Mahamaya Nagar,Urban,100,46.4,3.2,72.7
Mathura,Rural,100,53.3,4,19.6
Mathura,Total,100,49.6,3.5,37.6
Mathura,Urban,100,40.5,2.3,81.2
Agra,Rural,100,52.9,4.3,16.6
Agra,Total,100,46.2,3.2,46.3
Agra,Urban,100,38.2,1.9,82
Firozabad,Rural,100,57.6,6.7,11.4
Firozabad,Total,100,55.7,5.8,35.6
Firozabad,Urban,100,52.1,4,82.1
Mainpuri,Rural,100,53.4,7.5,13.5
Mainpuri,Total,100,51.6,7,23.2
Mainpuri,Urban,100,41.6,4.4,75.4
Budaun,Rural,100,65.4,8.1,21
Budaun,Total,100,62.9,7.7,31.2
Budaun,Urban,100,51.8,6.3,77.5
Bareilly,Rural,100,63,7.7,44.8
Bareilly,Total,100,57,6.3,62
Bareilly,Urban,100,46.6,4,92.3
Pilibhit,Rural,100,62.7,9.2,35.5
Pilibhit,Total,100,59.7,9.1,44.9
Pilibhit,Urban,100,45.6,8.4,88.8
Shahjahanpur,Rural,100,61.5,12,27
Shahjahanpur,Total,100,59.2,11.2,38.3
Shahjahanpur,Urban,100,49.7,8.2,85.9
Kheri,Rural,100,64,11.1,18.3
Kheri,Total,100,61.9,10.9,24.8
Kheri,Urban,100,45.8,8.9,76.2
Sitapur,Rural,100,61.9,12.1,11.9
Sitapur,Total,100,59.9,11.8,18.3
Sitapur,Urban,100,42.4,8.5,72
Hardoi,Rural,100,62.3,8.3,17.4
Hardoi,Total,100,60.3,8.1,24.5
Hardoi,Urban,100,46.4,6.6,74
Unnao,Rural,100,59,7.3,15.8
Unnao,Total,100,56.6,6.9,24.9
Unnao,Urban,100,44.2,5.1,71.7
Lucknow,Rural,100,57.2,8.3,21.5
Lucknow,Total,100,39.8,5.5,65.6
Lucknow,Urban,100,31.1,4.1,87.7
Rae Bareli,Rural,100,55.4,7.8,13.4
Rae Bareli,Total,100,53.6,7.6,18.3
Rae Bareli,Urban,100,34.1,5.2,71.1
Farrukhabad,Rural,100,59.6,8.6,23.9
Farrukhabad,Total,100,56.5,7.8,36.8
Farrukhabad,Urban,100,45.7,4.7,81.7
Kannauj,Rural,100,58.3,8.8,21.7
Kannauj,Total,100,55.8,8.3,30.6
Kannauj,Urban,100,43.3,5.9,75.6
Etawah,Rural,100,54.7,7.8,19.8
Etawah,Total,100,51.5,7,33.9
Etawah,Urban,100,40.5,4.2,83.4
Auraiya,Rural,100,55.2,9,20.4
Auraiya,Total,100,52.5,8.2,29.3
Auraiya,Urban,100,38.6,4,75.2
Kanpur Dehat,Rural,100,56.8,8.4,23
Kanpur Dehat,Total,100,55.2,8.1,27
Kanpur Dehat,Urban,100,39.5,5.9,66.3
Kanpur Nagar,Rural,100,58.8,6.9,23.6
Kanpur Nagar,Total,100,45.8,5.6,63.3
Kanpur Nagar,Urban,100,38.7,4.8,85.2
Jalaun,Rural,100,57.3,2.9,28.3
Jalaun,Total,100,53.4,3.1,39.9
Jalaun,Urban,100,41.1,3.5,75.6
Jhansi,Rural,100,47.4,2,20.7
Jhansi,Total,100,41.6,1.9,41.1
Jhansi,Urban,100,32.9,1.9,71.6
Lalitpur,Rural,100,52.8,2.7,12
Lalitpur,Total,100,50.4,2.7,19.4
Lalitpur,Urban,100,36.2,2.6,62.9
Hamirpur,Rural,100,50.5,1.5,25
Hamirpur,Total,100,48.1,1.5,32.8
Hamirpur,Urban,100,37.1,1.6,68.7
Mahoba,Rural,100,50.7,1.7,17.8
Mahoba,Total,100,50.2,1.7,25.5
Mahoba,Urban,100,48.7,1.6,54.7
Banda,Rural,100,52.9,1.1,20
Banda,Total,100,50.2,1.2,28.1
Banda,Urban,100,35.2,1.7,73.5
Chitrakoot,Rural,100,52.5,1.8,11.8
Chitrakoot,Total,100,51.9,1.9,16.5
Chitrakoot,Urban,100,46.7,2.7,58.7
Fatehpur,Rural,100,57.4,5.7,18.3
Fatehpur,Total,100,55.4,5.5,24.7
Fatehpur,Urban,100,40.9,4.3,72.1
Pratapgarh,Rural,100,44.7,6.3,11.3
Pratapgarh,Total,100,44,6.1,14
Pratapgarh,Urban,100,31.7,3,64.1
Kaushambi,Rural,100,55.2,4.4,13.8
Kaushambi,Total,100,54.2,4.4,16.7
Kaushambi,Urban,100,42.9,4.4,51.4
Allahabad,Rural,100,48.8,4.6,15.6
Allahabad,Total,100,44.7,4.2,31
Allahabad,Urban,100,30.5,2.9,84
Bara Banki,Rural,100,50.9,11.9,13.2
Bara Banki,Total,100,49.8,11.6,18.3
Bara Banki,Urban,100,39.5,8.8,67.8
Faizabad,Rural,100,51.4,9.3,14.5
Faizabad,Total,100,49.3,8.7,22.7
Faizabad,Urban,100,36.1,4.9,76.2
Ambedkar Nagar,Rural,100,46.4,9.9,13.9
Ambedkar Nagar,Total,100,45.9,9.9,18.6
Ambedkar Nagar,Urban,100,42,9.8,54.4
Sultanpur,Rural,100,49.8,8.6,13.1
Sultanpur,Total,100,48.8,8.4,16.2
Sultanpur,Urban,100,29.7,4.4,72.9
Bahraich,Rural,100,61.7,8.6,10.5
Bahraich,Total,100,60.2,8.4,15.7
Bahraich,Urban,100,42,5.7,79.5
Shrawasti,Rural,100,56.2,6.8,10.4
Shrawasti,Total,100,55.6,6.9,12
Shrawasti,Urban,100,37.5,10,63
Balrampur,Rural,100,56.7,6.7,10.2
Balrampur,Total,100,55.5,6.5,15
Balrampur,Urban,100,40.5,4.1,71.9
Gonda,Rural,100,51.1,11.3,7.9
Gonda,Total,100,49.9,10.9,12.5
Gonda,Urban,100,32.5,4.4,77.1
Siddharthnagar,Rural,100,44.8,6.6,10.4
Siddharthnagar,Total,100,44.2,6.5,12.7
Siddharthnagar,Urban,100,35.4,5.2,46.9
Basti,Rural,100,40.3,10,13.1
Basti,Total,100,40.1,9.8,16.4
Basti,Urban,100,35.7,6.8,72.1
Sant Kabir Nagar,Rural,100,43.4,10.2,12.3
Sant Kabir Nagar,Total,100,43,9.9,15
Sant Kabir Nagar,Urban,100,37.9,6.4,49.7
Mahrajganj,Rural,100,51.4,8.8,16.7
Mahrajganj,Total,100,50.8,8.7,18.8
Mahrajganj,Urban,100,39.3,5.8,58.4
Gorakhpur,Rural,100,46.8,8.9,18.6
Gorakhpur,Total,100,43.8,7.9,30.7
Gorakhpur,Urban,100,31.6,3.7,80.4
Kushinagar,Rural,100,55.9,8.5,14.8
Kushinagar,Total,100,55.1,8.5,17
Kushinagar,Urban,100,38.7,9.4,62.3
Deoria,Rural,100,46.5,8.5,16.7
Deoria,Total,100,45.3,8.3,21.2
Deoria,Urban,100,33.6,6.6,62.4
Azamgarh,Rural,100,48.3,9,16.8
Azamgarh,Total,100,47.4,8.7,20.5
Azamgarh,Urban,100,37.4,4.8,64.6
Mau,Rural,100,47.2,10.1,17.6
Mau,Total,100,46.5,9.4,27.4
Mau,Urban,100,44.1,6.8,63.5
Ballia,Rural,100,47.7,12.8,22.2
Ballia,Total,100,46.6,12.4,25.9
Ballia,Urban,100,36.1,9.3,61
Jaunpur,Rural,100,46.1,7.2,15.4
Jaunpur,Total,100,46,7,19.8
Jaunpur,Urban,100,44.5,4.4,71.8
Ghazipur,Rural,100,51.2,10.4,18.6
Ghazipur,Total,100,50.2,10.2,22.1
Ghazipur,Urban,100,38.4,7.3,65.5
Chandauli,Rural,100,49,6.8,18.8
Chandauli,Total,100,47.5,6.6,25.3
Chandauli,Urban,100,36.8,4.6,69.2
Varanasi,Rural,100,47.6,6.7,27.1
Varanasi,Total,100,42.4,5.3,54.5
Varanasi,Urban,100,35.8,3.5,89
Sant Ravidas Nagar (Bhadohi),Rural,100,47.7,6.2,12.6
Sant Ravidas Nagar (Bhadohi),Total,100,47.2,6.1,18.8
Sant Ravidas Nagar (Bhadohi),Urban,100,44,5.7,55.6
Mirzapur,Rural,100,51.6,4.8,19.2
Mirzapur,Total,100,50.1,4.6,26.2
Mirzapur,Urban,100,40.7,3.5,68.5
Sonbhadra,Rural,100,55.8,1.8,13.7
Sonbhadra,Total,100,51.9,2.3,24.1
Sonbhadra,Urban,100,34.4,4.7,70.7
Etah,Rural,100,56.6,7,9.2
Etah,Total,100,54.6,6.4,19.8
Etah,Urban,100,43.4,3.1,78.3
Kanshiram Nagar,Rural,100,61.5,8.9,11.2
Kanshiram Nagar,Total,100,59.3,8,24
Kanshiram Nagar,Urban,100,50.1,4.4,76.9
Pashchim Champaran,Rural,100,63.3,4.9,11.5
Pashchim Champaran,Total,100,62.1,5.2,15.9
Pashchim Champaran,Urban,100,51.9,7.4,53.9
Purba Champaran,Rural,100,56,5.6,15.5
Purba Champaran,Total,100,55.1,5.6,18.2
Purba Champaran,Urban,100,42.9,5.7,54
Sheohar,Rural,100,59.6,3.4,19.8
Sheohar,Total,100,59,3.6,20.4
Sheohar,Urban,100,45,8,36.9
Sitamarhi,Rural,100,58.7,6.2,18.7
Sitamarhi,Total,100,57.9,6.2,20.8
Sitamarhi,Urban,100,41.8,6.5,60.5
Madhubani,Rural,100,50.8,4.7,17.3
Madhubani,Total,100,50.5,4.8,18.5
Madhubani,Urban,100,42.7,7.1,55.5
Supaul,Rural,100,62.1,4.9,9.1
Supaul,Total,100,61.7,5,10.8
Supaul,Urban,100,51.8,7.8,46.8
Araria,Rural,100,64.4,3.7,6.7
Araria,Total,100,63.5,3.8,9.4
Araria,Urban,100,48.5,6.4,54.3
Kishanganj,Rural,100,62.2,3.5,6.2
Kishanganj,Total,100,60.8,3.9,10.4
Kishanganj,Urban,100,46.4,7.9,51.9
Purnia,Rural,100,65.1,5.1,8.6
Purnia,Total,100,63.2,5.5,13.7
Purnia,Urban,100,46.1,9.7,59.1
Katihar,Rural,100,62,5,12.7
Katihar,Total,100,60.3,5.1,17.5
Katihar,Urban,100,42.3,7.1,68.5
Madhepura,Rural,100,64,6.2,11.3
Madhepura,Total,100,63.2,6.3,13.1
Madhepura,Urban,100,45.9,8.7,51.3
Saharsa,Rural,100,64.3,6.6,12.5
Saharsa,Total,100,62.7,6.7,16.7
Saharsa,Urban,100,43.1,7.4,67.6
Darbhanga,Rural,100,52.8,8.1,20.9
Darbhanga,Total,100,51.6,8.2,25.1
Darbhanga,Urban,100,40,9,67
Muzaffarpur,Rural,100,60.4,8.4,21.9
Muzaffarpur,Total,100,58.1,8.3,27.1
Muzaffarpur,Urban,100,36.2,6.8,77.1
Gopalganj,Rural,100,53.1,8,18.1
Gopalganj,Total,100,52.3,7.9,20
Gopalganj,Urban,100,39.6,6.1,50.8
Siwan,Rural,100,46.6,8.2,20.2
Siwan,Total,100,46,8.1,22.9
Siwan,Urban,100,34.4,6.1,71.4
Saran,Rural,100,51.4,8.7,17.8
Saran,Total,100,50.6,8.6,21.4
Saran,Urban,100,41.5,7.9,59
Vaishali,Rural,100,56.9,12.3,25
Vaishali,Total,100,56.1,12.2,27.2
Vaishali,Urban,100,44.6,10.6,62
Samastipur,Rural,100,59.2,9.7,17
Samastipur,Total,100,58.5,9.6,18.8
Samastipur,Urban,100,38.6,6.5,70.2
Begusarai,Rural,100,57.1,11.6,25.5
Begusarai,Total,100,54.6,11.3,31.3
Begusarai,Urban,100,43.5,9.8,57.7
Khagaria,Rural,100,58.8,8.9,21.7
Khagaria,Total,100,58.3,8.9,23.8
Khagaria,Urban,100,47.3,7.2,66.3
Bhagalpur,Rural,100,58.8,8.8,25.1
Bhagalpur,Total,100,55.9,8.6,33.7
Bhagalpur,Urban,100,42.8,7.7,71.7
Banka,Rural,100,60.5,6.8,11.1
Banka,Total,100,60.1,6.7,12.3
Banka,Urban,100,46.9,5.1,44.8
Munger,Rural,100,58.6,7.9,26.1
Munger,Total,100,53.5,7.6,38.8
Munger,Urban,100,39.2,6.7,74.2
Lakhisarai,Rural,100,58.9,7.7,26.8
Lakhisarai,Total,100,57.9,7.8,31.8
Lakhisarai,Urban,100,52.3,8.4,61.6
Sheikhpura,Rural,100,60,9.4,24.3
Sheikhpura,Total,100,57.5,9.1,28.9
Sheikhpura,Urban,100,44.7,7.4,52.2
Nalanda,Rural,100,59.6,9.5,22.8
Nalanda,Total,100,56.8,9.2,30.7
Nalanda,Urban,100,41.8,7.1,73.6
Patna,Rural,100,58.4,9.1,27.6
Patna,Total,100,46.6,7.4,53
Patna,Urban,100,31,5.2,86.5
Bhojpur,Rural,100,57.8,8.7,20.5
Bhojpur,Total,100,55.5,8.6,27.2
Bhojpur,Urban,100,41.1,8.2,68.6
Buxar,Rural,100,56.8,10.5,20
Buxar,Total,100,55.1,10.3,24.7
Buxar,Urban,100,39.6,8.8,67.2
Kaimur (Bhabua),Rural,100,60.3,6.5,14.5
Kaimur (Bhabua),Total,100,59.2,6.4,16.7
Kaimur (Bhabua),Urban,100,33.5,4.6,70.2
Rohtas,Rural,100,57.7,6.4,21.1
Rohtas,Total,100,55.3,6.3,28.2
Rohtas,Urban,100,41.8,5.9,68.4
Aurangabad,Rural,100,57.8,6.6,17.2
Aurangabad,Total,100,56.3,6.5,21.8
Aurangabad,Urban,100,41.1,5.4,68
Gaya,Rural,100,62.8,7.9,16.5
Gaya,Total,100,59.4,7.5,24.2
Gaya,Urban,100,36,4.7,77.8
Nawada,Rural,100,62.3,10.3,17.3
Nawada,Total,100,60.2,9.9,22.3
Nawada,Urban,100,39.7,6.4,69.3
Jamui,Rural,100,64.2,8,11.9
Jamui,Total,100,63,8,14.8
Jamui,Urban,100,48.9,8.5,48.9
Jehanabad,Rural,100,61.2,9.1,22.3
Jehanabad,Total,100,58.5,8.8,27.8
Jehanabad,Urban,100,39.2,6.9,67.7
Arwal,Rural,100,61.9,7.8,22.5
Arwal,Total,100,61.2,7.7,23.7
Arwal,Urban,100,51.7,6.1,39
North  District,Rural,100,45.3,3.7,75
North  District,Total,100,42.7,3.5,77.4
North  District,Urban,100,20.3,1.8,97.3
West District,Rural,100,51.6,7.9,84.1
West District,Total,100,50.2,7.8,84.3
West District,Urban,100,15.4,6.6,89.3
South District,Rural,100,45.3,5.9,84.9
South District,Total,100,40.5,5.1,86.9
South District,Urban,100,15.3,0.9,97.9
East District,Rural,100,41.6,7.5,85.8
East District,Total,100,30.6,4.8,90.1
East District,Urban,100,18.4,1.7,94.9
Tawang,Rural,100,46.9,4.1,69.4
Tawang,Total,100,43.2,3.5,74.1
Tawang,Urban,100,25,0.6,97.5
West Kameng,Rural,100,48.3,2.5,38.9
West Kameng,Total,100,46.8,2.6,50.3
West Kameng,Urban,100,41.7,3,87.4
East Kameng,Rural,100,58.2,2.6,22
East Kameng,Total,100,55.6,2.5,32.2
East Kameng,Urban,100,47.3,2.5,64
Papum Pare,Rural,100,44.3,4,54.8
Papum Pare,Total,100,36.6,3.7,76.8
Papum Pare,Urban,100,31.4,3.5,91.7
Upper Subansiri,Rural,100,62.9,2.5,34.4
Upper Subansiri,Total,100,58.9,2.3,42.8
Upper Subansiri,Urban,100,38.5,1.2,85.1
West Siang,Rural,100,41.2,0.8,71.1
West Siang,Total,100,38.4,1.1,77.2
West Siang,Urban,100,30,2.1,95.6
East Siang,Rural,100,28,1.5,47.4
East Siang,Total,100,37.2,2.4,61.5
East Siang,Urban,100,56.4,4.3,90.7
Upper Siang,Rural,100,29.2,0.4,56.3
Upper Siang,Total,100,33.1,0.6,61.4
Upper Siang,Urban,100,47.5,1.1,80.2
Changlang,Rural,100,49.8,1.7,65.3
Changlang,Total,100,48.2,1.6,69
Changlang,Urban,100,38.3,0.8,91.3
Tirap,Rural,100,43.3,1,85.6
Tirap,Total,100,44.1,1.1,86.9
Tirap,Urban,100,47.2,1.5,91.9
Lower Subansiri,Rural,100,40.2,1.5,68.1
Lower Subansiri,Total,100,37,1.3,74.2
Lower Subansiri,Urban,100,24.5,0.7,98.5
Kurung Kumey,Rural,100,44.7,12.5,23.5
Kurung Kumey,Total,100,44.8,12.3,25.5
Kurung Kumey,Urban,100,49.7,5.1,80.6
Dibang Valley,Rural,100,49.7,7.2,64.7
Dibang Valley,Total,100,49.4,6.7,70.1
Dibang Valley,Urban,100,48.8,5.6,82.2
Lower Dibang Valley,Rural,100,52.7,3.2,48
Lower Dibang Valley,Total,100,48.5,3.3,56.4
Lower Dibang Valley,Urban,100,32.3,3.7,88.6
Lohit,Rural,100,54.1,6,49.5
Lohit,Total,100,52.4,5.4,58.9
Lohit,Urban,100,46.7,3.6,89.2
Anjaw,Rural,100,52.8,6,27.7
Anjaw,Total,100,53.3,5.8,28.7
Anjaw,Urban,100,68.3,0,64.2
Mon,Rural,100,64,1.4,62.7
Mon,Total,100,61.9,2,66.9
Mon,Urban,100,48.7,5.6,94.2
Mokokchung,Rural,100,34.1,0.5,96.3
Mokokchung,Total,100,33.8,0.6,97
Mokokchung,Urban,100,33,0.7,98.5
Zunheboto,Rural,100,44.2,1.7,71.7
Zunheboto,Total,100,42.9,1.5,75.4
Zunheboto,Urban,100,36.1,0.2,94.4
Wokha,Rural,100,51.6,1,59.5
Wokha,Total,100,46,0.9,66.5
Wokha,Urban,100,21.7,0.2,96.7
Dimapur,Rural,100,44.7,3.2,91.6
Dimapur,Total,100,39.3,2.6,94.4
Dimapur,Urban,100,34.6,2.1,96.8
Phek,Rural,100,54.4,2.4,75.4
Phek,Total,100,52.4,2.1,77.8
Phek,Urban,100,38.9,0.4,93.6
Tuensang,Rural,100,55,3.4,49.8
Tuensang,Total,100,54.8,3.4,56.6
Tuensang,Urban,100,53.9,3.1,88.8
Longleng,Rural,100,66.1,2.2,69
Longleng,Total,100,65.8,2.7,69.9
Longleng,Urban,100,63.7,5.6,75.7
Kiphire,Rural,100,57.2,1,36.6
Kiphire,Total,100,51.5,0.9,48.1
Kiphire,Urban,100,27.8,0.4,95.3
Kohima,Rural,100,33.6,0.6,52.2
Kohima,Total,100,32.8,1.2,71.8
Kohima,Urban,100,31.9,1.9,92
Peren,Rural,100,53,0.9,77.1
Peren,Total,100,54.2,1.1,79.5
Peren,Urban,100,61.1,2.1,92.9
Senapati,Rural,100,59.7,2.2,72.5
Senapati,Total,100,59.7,2.1,73
Senapati,Urban,100,63.4,1.8,97.6
Tamenglong,Rural,100,56.6,8.4,66.4
Tamenglong,Total,100,56.3,8.6,70.6
Tamenglong,Urban,100,54.7,10.4,96.7
Churachandpur,Rural,100,53.6,2.3,82.3
Churachandpur,Total,100,53.5,2.3,83.4
Churachandpur,Urban,100,52.5,2.3,98.8
Bishnupur,Rural,100,34.7,5.9,91.1
Bishnupur,Total,100,33,5.2,92.3
Bishnupur,Urban,100,30.1,4.1,94.4
Thoubal,Rural,100,33.5,5.5,91.7
Thoubal,Total,100,31.1,5.4,92.6
Thoubal,Urban,100,26.8,5.2,94.1
Imphal West,Rural,100,33.1,5.3,92
Imphal West,Total,100,31.5,4.7,94.9
Imphal West,Urban,100,30.5,4.4,96.7
Imphal East,Rural,100,36.4,4.6,90.9
Imphal East,Total,100,34.4,4,92.8
Imphal East,Urban,100,31.5,3.2,95.5
Ukhrul,Rural,100,70.4,5.2,80.4
Ukhrul,Total,100,68.5,5,82.6
Ukhrul,Urban,100,56.4,4.2,96.1
Chandel,Rural,100,58.4,4.1,77.1
Chandel,Total,100,56.4,5.4,79.3
Chandel,Urban,100,40.7,15.6,96.9
Mamit,Rural,100,49.7,5.9,83.1
Mamit,Total,100,44.5,5,85.9
Mamit,Urban,100,21.4,1,98.7
Kolasib,Rural,100,47.1,2.2,95.7
Kolasib,Total,100,42.3,2.3,96.2
Kolasib,Urban,100,38.5,2.4,96.6
Aizawl,Rural,100,34.6,1.7,97.4
Aizawl,Total,100,20.4,0.9,98.9
Aizawl,Urban,100,16.6,0.7,99.3
Champhai,Rural,100,48.2,4.8,94.9
Champhai,Total,100,46.7,3.5,95.9
Champhai,Urban,100,44.4,1.5,97.4
Serchhip,Rural,100,52,6.2,96.4
Serchhip,Total,100,49.3,7.9,97.9
Serchhip,Urban,100,46.6,9.6,99.4
Lunglei,Rural,100,49.8,3.9,80.5
Lunglei,Total,100,40,2.6,87.6
Lunglei,Urban,100,26.8,0.8,97.2
Lawngtlai,Rural,100,49.7,5.2,60.5
Lawngtlai,Total,100,47.1,4.6,66.9
Lawngtlai,Urban,100,34.6,1.6,98.3
Saiha,Rural,100,32.4,5.2,87
Saiha,Total,100,30.9,4,91.5
Saiha,Urban,100,28.7,2.3,97.6
West Tripura,Rural,100,41.4,4,85.2
West Tripura,Total,100,37.6,3.8,90.5
West Tripura,Urban,100,32.2,3.6,98.1
South Tripura,Rural,100,42.9,4.5,82.6
South Tripura,Total,100,40.5,4.4,85
South Tripura,Urban,100,27.4,3.6,98
Dhalai,Rural,100,47.5,7.2,66.4
Dhalai,Total,100,46.6,7.4,70
Dhalai,Urban,100,40,9,96.4
North Tripura,Rural,100,48.4,8.3,81.5
North Tripura,Total,100,45.8,8,84.4
North Tripura,Urban,100,34.4,7.1,97
West Garo Hills,Rural,100,49,5.5,56.3
West Garo Hills,Total,100,47.3,5.6,60.6
West Garo Hills,Urban,100,34.1,6.3,93.9
East Garo Hills,Rural,100,48.9,3.6,79.3
East Garo Hills,Total,100,48,3.3,81.7
East Garo Hills,Urban,100,42.3,1.2,96.7
South Garo Hills,Rural,100,51.2,4,63.4
South Garo Hills,Total,100,50.3,3.8,65.7
South Garo Hills,Urban,100,41.9,2.7,87.4
West Khasi Hills,Rural,100,56.1,9.2,40.8
West Khasi Hills,Total,100,55,8.7,46.4
West Khasi Hills,Urban,100,46.8,4.6,90.5
Ribhoi,Rural,100,53.9,5.9,64.1
Ribhoi,Total,100,52.3,5.7,66.4
Ribhoi,Urban,100,34.1,3.1,91.4
East Khasi Hills,Rural,100,52.9,9.3,44.3
East Khasi Hills,Total,100,39,5.9,69.2
East Khasi Hills,Urban,100,23.5,2.1,96.9
Jaintia Hills,Rural,100,46.4,8.4,43.6
Jaintia Hills,Total,100,43.9,7.9,47.7
Jaintia Hills,Urban,100,14,2.1,96.1
Kokrajhar,Rural,100,55,13,24.9
Kokrajhar,Total,100,53,12.4,29.2
Kokrajhar,Urban,100,24.8,4.7,90.1
Dhubri,Rural,100,64.2,17.6,39
Dhubri,Total,100,61.6,17,43.3
Dhubri,Urban,100,39.8,12.2,80.1
Goalpara,Rural,100,60.4,12.6,62.1
Goalpara,Total,100,58.4,11.9,65.5
Goalpara,Urban,100,46.4,8,85
Barpeta,Rural,100,63.2,18.8,69.8
Barpeta,Total,100,60.5,17.7,71.9
Barpeta,Urban,100,33.8,7.4,92.8
Morigaon,Rural,100,62.5,14.8,57.2
Morigaon,Total,100,60.7,14.3,60.1
Morigaon,Urban,100,42.8,9.2,90.3
Nagaon,Rural,100,59.3,13.8,72
Nagaon,Total,100,57.1,12.6,75.3
Nagaon,Urban,100,43.7,5.9,95.2
Sonitpur,Rural,100,58.1,10.2,55
Sonitpur,Total,100,55.4,9.6,59.2
Sonitpur,Urban,100,32.2,4.5,95
Lakhimpur,Rural,100,64.8,9.7,53.7
Lakhimpur,Total,100,61.9,9.2,58
Lakhimpur,Urban,100,37.7,5.5,94.7
Dhemaji,Rural,100,66.2,10,40.3
Dhemaji,Total,100,64.7,9.7,44.8
Dhemaji,Urban,100,48.3,7.2,95.6
Tinsukia,Rural,100,56,5,77.3
Tinsukia,Total,100,51.9,5,81.1
Tinsukia,Urban,100,37.1,5,94.5
Dibrugarh,Rural,100,54.2,5.7,74.2
Dibrugarh,Total,100,49.3,5.4,78.7
Dibrugarh,Urban,100,29.7,4.1,96.4
Sivasagar,Rural,100,60.3,6.1,71.9
Sivasagar,Total,100,57.7,5.9,74.2
Sivasagar,Urban,100,36.4,3.9,93.2
Jorhat,Rural,100,60.9,8.1,58.9
Jorhat,Total,100,55.2,7.2,66.7
Jorhat,Urban,100,35.3,4,94.2
Golaghat,Rural,100,64,7.9,65.1
Golaghat,Total,100,61.5,7.5,68.4
Golaghat,Urban,100,38.7,4.2,97.7
Karbi Anglong,Rural,100,65.1,4.3,48.5
Karbi Anglong,Total,100,63.3,4.2,54.8
Karbi Anglong,Urban,100,52,3.6,94.5
Dima Hasao,Rural,100,62.4,4.5,57.1
Dima Hasao,Total,100,57,4.1,69.4
Dima Hasao,Urban,100,45.2,3.3,96.6
Cachar,Rural,100,56.9,12.2,77.6
Cachar,Total,100,53.2,11.1,81
Cachar,Urban,100,37.2,6.1,95.8
Karimganj,Rural,100,57.6,14.9,83.7
Karimganj,Total,100,55.6,14.3,85
Karimganj,Urban,100,36.1,8.7,97.4
Hailakandi,Rural,100,59.5,16.8,81.9
Hailakandi,Total,100,57.4,16.1,83.1
Hailakandi,Urban,100,30.5,7.6,98.1
Bongaigaon,Rural,100,64.3,12.5,49.2
Bongaigaon,Total,100,58.4,11.1,56.4
Bongaigaon,Urban,100,29,4.3,91.6
Chirang,Rural,100,57.5,10.9,24
Chirang,Total,100,56.1,11.2,28.7
Chirang,Urban,100,39.5,14.8,84.9
Kamrup,Rural,100,59.1,12.3,57
Kamrup,Total,100,57.7,11.9,59.2
Kamrup,Urban,100,45.1,8.5,78.7
Kamrup Metropolitan,Rural,100,52.4,10.1,64.7
Kamrup Metropolitan,Total,100,31,4.8,92.3
Kamrup Metropolitan,Urban,100,27.3,3.9,97
Nalbari,Rural,100,61,9.5,63.7
Nalbari,Total,100,59,9.4,66.7
Nalbari,Urban,100,43.3,8.5,90.1
Baksa,Rural,100,64.3,11.2,38.7
Baksa,Total,100,64.2,11.2,39.4
Baksa,Urban,100,53.2,7.5,94.1
Darrang,Rural,100,57.6,17.8,47.6
Darrang,Total,100,56,17.2,50.6
Darrang,Urban,100,34.4,8.6,91.8
Udalguri,Rural,100,59.9,10.7,41.5
Udalguri,Total,100,58.6,10.5,43.9
Udalguri,Urban,100,35.3,7.2,89.8
Darjiling,Rural,100,54.2,8,52.3
Darjiling,Total,100,45.5,7,65.7
Darjiling,Urban,100,31.7,5.3,87
Jalpaiguri,Rural,100,57.8,16,37.1
Jalpaiguri,Total,100,52,14.5,49.7
Jalpaiguri,Urban,100,37.2,10.5,82.3
Koch Bihar,Rural,100,57.7,12.6,55.7
Koch Bihar,Total,100,55.2,12.1,59.2
Koch Bihar,Urban,100,33.9,7.9,90.3
Uttar Dinajpur,Rural,100,57.9,12.4,20.6
Uttar Dinajpur,Total,100,55.8,12.6,27.5
Uttar Dinajpur,Urban,100,40,14.6,80.6
Dakshin Dinajpur,Rural,100,57.6,11.9,27.5
Dakshin Dinajpur,Total,100,54.2,11.5,36.8
Dakshin Dinajpur,Urban,100,34.3,9.3,91.6
Maldah,Rural,100,59,11.3,25.4
Maldah,Total,100,57.6,10.9,31.7
Maldah,Urban,100,48.5,8.3,74.3
Murshidabad,Rural,100,56.1,17,34.7
Murshidabad,Total,100,54.7,16,39.5
Murshidabad,Urban,100,48.5,11.6,61.8
Birbhum,Rural,100,52,15.6,18.7
Birbhum,Total,100,50.2,14.8,24.1
Birbhum,Urban,100,37.3,9.3,61.6
Barddhaman,Rural,100,51.8,9.4,46.1
Barddhaman,Total,100,46.7,8.3,55.7
Barddhaman,Urban,100,38.2,6.3,71.5
Nadia,Rural,100,53.9,15.6,71.3
Nadia,Total,100,50.3,14.1,77.6
Nadia,Urban,100,41.2,10.6,93.3
North Twenty Four Parganas,Rural,100,46.3,19.7,78.9
North Twenty Four Parganas,Total,100,39,11.6,87.5
North Twenty Four Parganas,Urban,100,33.4,5.4,94
Hugli,Rural,100,45.5,11.7,60.1
Hugli,Total,100,40.9,9.2,71.2
Hugli,Urban,100,33.7,5.3,88.8
Bankura,Rural,100,52.4,11.7,16.5
Bankura,Total,100,51.2,11.5,20.3
Bankura,Urban,100,38.8,8.9,60.4
Puruliya,Rural,100,62.7,7.4,6.1
Puruliya,Total,100,60.2,7.3,11.8
Puruliya,Urban,100,43.5,6.7,50.9
Haora,Rural,100,40.4,13.9,60.2
Haora,Total,100,37.1,9.2,74.7
Haora,Urban,100,35.2,6.5,83.5
Kolkata,Total,100,30.9,2.7,94.9
Kolkata,Urban,100,30.9,2.7,94.9
South Twenty Four Parganas,Rural,100,49.9,16.2,55
South Twenty Four Parganas,Total,100,46.9,14,62.6
South Twenty Four Parganas,Urban,100,38.5,8.1,83.1
Paschim Medinipur,Rural,100,52.2,13.2,41.9
Paschim Medinipur,Total,100,49.8,12.6,46.1
Paschim Medinipur,Urban,100,32.8,8.3,77.2
Purba Medinipur,Rural,100,49,18.1,85.6
Purba Medinipur,Total,100,47.5,17.2,85.3
Purba Medinipur,Urban,100,34.8,10.1,82.8
Garhwa,Rural,100,62.4,4.6,4.9
Garhwa,Total,100,61.4,4.7,7.1
Garhwa,Urban,100,44.5,6.8,46.3
Chatra,Rural,100,57.5,4.5,6.6
Chatra,Total,100,56.8,4.5,10.1
Chatra,Urban,100,46.4,4.1,65.7
Kodarma,Rural,100,52.3,4.2,7.6
Kodarma,Total,100,50.7,4.4,16.5
Kodarma,Urban,100,44.7,5.4,50.3
Giridih,Rural,100,53.6,3.1,5.8
Giridih,Total,100,52.1,3.1,10.8
Giridih,Urban,100,37,3.4,61.3
Deoghar,Rural,100,60.6,5.1,5.5
Deoghar,Total,100,56.5,5,16.4
Deoghar,Urban,100,37.4,4.2,68.3
Godda,Rural,100,62.7,9.2,7.9
Godda,Total,100,61.5,9,10.5
Godda,Urban,100,36.8,4.2,64.9
Sahibganj,Rural,100,65.1,7.3,9.2
Sahibganj,Total,100,62.6,7.3,15.3
Sahibganj,Urban,100,46.5,7.8,54.3
Pakur,Rural,100,59.9,7.1,7.3
Pakur,Total,100,59,7,10.2
Pakur,Urban,100,46.7,5.7,46.5
Dhanbad,Rural,100,52.2,4.7,12.2
Dhanbad,Total,100,47.7,4.2,39.8
Dhanbad,Urban,100,44.5,3.9,59.3
Bokaro,Rural,100,50.3,4.1,6.6
Bokaro,Total,100,43.8,3.6,33.5
Bokaro,Urban,100,36.7,3.2,62.7
Lohardaga,Rural,100,62.5,2.8,7.3
Lohardaga,Total,100,59.3,3,14.9
Lohardaga,Urban,100,36.2,4.4,70.5
Purbi Singhbhum,Rural,100,51,5.8,13.6
Purbi Singhbhum,Total,100,37.4,3.9,49.9
Purbi Singhbhum,Urban,100,25.8,2.3,80.7
Palamu,Rural,100,62.8,6.3,7.4
Palamu,Total,100,60.3,6.2,13.1
Palamu,Urban,100,40.1,5.4,58.3
Latehar,Rural,100,58,2.2,7.2
Latehar,Total,100,56.7,2.4,10.8
Latehar,Urban,100,40.6,5,55.8
Hazaribagh,Rural,100,48.5,3.3,9.3
Hazaribagh,Total,100,46.1,3.3,19.6
Hazaribagh,Urban,100,33.1,3,73.5
Ramgarh,Rural,100,50.1,3.8,11
Ramgarh,Total,100,45.5,3.7,32.9
Ramgarh,Urban,100,39.8,3.6,60
Dumka,Rural,100,63.9,6,6.2
Dumka,Total,100,62,5.9,9.8
Dumka,Urban,100,33.5,5,64.2
Jamtara,Rural,100,62.6,4.9,4.4
Jamtara,Total,100,59.8,4.7,9.8
Jamtara,Urban,100,33.5,3.3,60.1
Ranchi,Rural,100,55,3,13.2
Ranchi,Total,100,45.2,3.5,40.9
Ranchi,Urban,100,31.8,4.1,79.1
Khunti,Rural,100,57.7,3.4,4
Khunti,Total,100,56,3.4,8.4
Khunti,Urban,100,38.2,3,53.9
Gumla,Rural,100,63.3,2.9,6.4
Gumla,Total,100,61.7,3,10.3
Gumla,Urban,100,38.4,5,68.5
Simdega,Rural,100,59.6,2.9,4.9
Simdega,Total,100,58.2,3,8.2
Simdega,Urban,100,40,4,53.4
Pashchimi Singhbhum,Rural,100,50.9,4,3.7
Pashchimi Singhbhum,Total,100,49,4.1,11.8
Pashchimi Singhbhum,Urban,100,37.5,4.5,58.9
Saraikela-Kharsawan,Rural,100,53.5,3.6,6.4
Saraikela-Kharsawan,Total,100,49.5,3.6,20.3
Saraikela-Kharsawan,Urban,100,36.6,3.4,64.5
Bargarh,Rural,100,66.9,8.5,12.3
Bargarh,Total,100,65.1,8.1,16.1
Bargarh,Urban,100,46.7,4.7,54.2
Jharsuguda,Rural,100,71.5,5.9,9.4
Jharsuguda,Total,100,61.7,5.8,26.1
Jharsuguda,Urban,100,45.5,5.6,53.6
Sambalpur,Rural,100,69.7,7.8,8.6
Sambalpur,Total,100,61.7,7,22.9
Sambalpur,Urban,100,41.2,5.2,59.5
Debagarh,Rural,100,75,13.4,5.9
Debagarh,Total,100,74.1,12.9,9.2
Debagarh,Urban,100,62.3,5.5,51.3
Sundargarh,Rural,100,75.9,5.8,8.4
Sundargarh,Total,100,66,5.3,28
Sundargarh,Urban,100,46.9,4.4,65.5
Kendujhar,Rural,100,70,8.6,9.3
Kendujhar,Total,100,67,8.5,15.1
Kendujhar,Urban,100,48.8,7.7,50.8
Mayurbhanj,Rural,100,72.5,8.6,15
Mayurbhanj,Total,100,70.4,8.6,18.6
Mayurbhanj,Urban,100,43.8,8.1,64
Baleshwar,Rural,100,62.1,11.6,22.7
Baleshwar,Total,100,60,11.1,27.5
Baleshwar,Urban,100,42.2,7.2,68
Bhadrak,Rural,100,64.3,8.9,16
Bhadrak,Total,100,63,8.8,20.1
Bhadrak,Urban,100,52.7,7.4,51.8
Kendrapara,Rural,100,57,7.5,15.8
Kendrapara,Total,100,56.4,7.5,17.8
Kendrapara,Urban,100,44.6,8.8,57.8
Jagatsinghapur,Rural,100,57.3,7.1,22.1
Jagatsinghapur,Total,100,57.3,6.7,24.5
Jagatsinghapur,Urban,100,57.2,3.7,44.8
Cuttack,Rural,100,55,10.1,22.4
Cuttack,Total,100,50.4,9.2,36.3
Cuttack,Urban,100,36.6,6.4,78
Jajapur,Rural,100,57.8,14.6,19.9
Jajapur,Total,100,56.7,14.1,22.9
Jajapur,Urban,100,42.9,7,61.2
Dhenkanal,Rural,100,65.5,11.5,14.2
Dhenkanal,Total,100,63.4,11.2,18.3
Dhenkanal,Urban,100,41.8,7.6,59.8
Anugul,Rural,100,64.4,12,16.7
Anugul,Total,100,60.4,11.1,24.1
Anugul,Urban,100,38.8,6.6,64
Nayagarh,Rural,100,64.3,12.2,15.9
Nayagarh,Total,100,63.1,11.8,19
Nayagarh,Urban,100,48.5,7.6,55.8
Khordha,Rural,100,62.4,8.5,18.3
Khordha,Total,100,49.7,6.9,47.1
Khordha,Urban,100,36.6,5.1,76.6
Puri,Rural,100,64.1,11.2,15.6
Puri,Total,100,61.6,10.4,23.8
Puri,Urban,100,46.4,5.8,73.3
Ganjam,Rural,100,61.6,9.5,19.1
Ganjam,Total,100,57.1,8.6,28.5
Ganjam,Urban,100,39.9,5.2,65.3
Gajapati,Rural,100,67,5.9,12.7
Gajapati,Total,100,63.7,5.8,18.1
Gajapati,Urban,100,40.7,5,56.7
Kandhamal,Rural,100,68.8,6.6,6.3
Kandhamal,Total,100,66.7,6.6,11.1
Kandhamal,Urban,100,46.5,6.4,56.5
Baudh,Rural,100,75.1,4.7,9
Baudh,Total,100,74.3,4.7,10.8
Baudh,Urban,100,56.1,5.4,51.3
Subarnapur,Rural,100,74,7.2,7.9
Subarnapur,Total,100,73,7.1,10.3
Subarnapur,Urban,100,61.4,5.8,39
Balangir,Rural,100,68.6,7,10.1
Balangir,Total,100,66.3,7,15.1
Balangir,Urban,100,46.9,6.8,58.1
Nuapada,Rural,100,72.9,4.8,12.7
Nuapada,Total,100,71.9,4.9,14.5
Nuapada,Urban,100,52.7,6.5,48.4
Kalahandi,Rural,100,70.3,9.4,8.2
Kalahandi,Total,100,68.8,9.3,11.7
Kalahandi,Urban,100,47.8,6.9,58.8
Rayagada,Rural,100,69.7,5.7,6.6
Rayagada,Total,100,64.6,5.5,14.8
Rayagada,Urban,100,35.8,4.3,60.5
Nabarangapur,Rural,100,69.3,4.4,5.8
Nabarangapur,Total,100,67.9,4.4,9.3
Nabarangapur,Urban,100,51.4,4.9,53.4
Koraput,Rural,100,65.7,5.3,8.2
Koraput,Total,100,61.4,5.4,17.4
Koraput,Urban,100,38.9,5.6,64.9
Malkangiri,Rural,100,67.3,7.4,6
Malkangiri,Total,100,65.6,7.5,9.3
Malkangiri,Urban,100,45.7,8.4,47.7
Koriya,Rural,100,50.5,2.2,8.5
Koriya,Total,100,46.7,1.9,23.4
Koriya,Urban,100,37.5,1.3,59.3
Surguja,Rural,100,49,2.1,21.5
Surguja,Total,100,47.2,2.1,25.1
Surguja,Urban,100,29.4,1.6,61.3
Jashpur,Rural,100,41.9,1.8,11.8
Jashpur,Total,100,41.6,1.7,14.2
Jashpur,Urban,100,37.8,1.2,42.2
Raigarh,Rural,100,57.4,4.8,13
Raigarh,Total,100,54.6,4.6,19.3
Raigarh,Urban,100,37.8,3,57.3
Korba,Rural,100,54.4,3.2,11.9
Korba,Total,100,45.8,2.6,28.1
Korba,Urban,100,29.7,1.6,58.6
Janjgir - Champa,Rural,100,59,5.6,11
Janjgir - Champa,Total,100,57.1,5.4,15.2
Janjgir - Champa,Urban,100,43.8,3.8,44.4
Bilaspur,Rural,100,59.1,5.2,16.6
Bilaspur,Total,100,53.8,4.7,27.8
Bilaspur,Urban,100,36.1,3.1,65.7
Kabeerdham,Rural,100,60.9,6.2,9
Kabeerdham,Total,100,58.4,6.1,13.2
Kabeerdham,Urban,100,36.7,5.1,49.5
Rajnandgaon,Rural,100,47.7,3.4,18.5
Rajnandgaon,Total,100,44.9,3.2,25
Rajnandgaon,Urban,100,32.8,2.5,53.2
Durg,Rural,100,52.4,5,14
Durg,Total,100,43.5,3.9,33
Durg,Urban,100,29.6,2.2,62.6
Raipur,Rural,100,57,5.9,12.9
Raipur,Total,100,47.7,4.9,31
Raipur,Urban,100,30.1,2.9,65
Mahasamund,Rural,100,60,4.6,15.2
Mahasamund,Total,100,58.1,4.6,18.8
Mahasamund,Urban,100,41.2,4.1,50.1
Dhamtari,Rural,100,55.1,4.2,24.2
Dhamtari,Total,100,52.1,4.1,29.7
Dhamtari,Urban,100,39.2,3.5,53.6
Uttar Bastar Kanker,Rural,100,46.5,3,14.8
Uttar Bastar Kanker,Total,100,45.6,3,19.7
Uttar Bastar Kanker,Urban,100,37.8,3.2,60.9
Bastar,Rural,100,52.2,3.4,13.9
Bastar,Total,100,49.9,3.3,20.3
Bastar,Urban,100,35.4,2.9,61
Narayanpur,Rural,100,57.6,4.4,4.1
Narayanpur,Total,100,57.2,4.1,10.7
Narayanpur,Urban,100,55.3,2.2,44.2
Dakshin Bastar Dantewada,Rural,100,50.1,3.2,7.2
Dakshin Bastar Dantewada,Total,100,47.3,3.2,15.3
Dakshin Bastar Dantewada,Urban,100,35.3,2.9,49.8
Bijapur,Rural,100,56.5,4.2,2.7
Bijapur,Total,100,57,4.1,5.6
Bijapur,Urban,100,61.2,3.1,28.1
Sheopur,Rural,100,60.4,5.3,5.8
Sheopur,Total,100,57.6,5,12.9
Sheopur,Urban,100,40.6,3.2,57.2
Morena,Rural,100,53.5,5.2,6.7
Morena,Total,100,49.7,4.5,20.9
Morena,Urban,100,35.7,2.1,73.8
Bhind,Rural,100,51.6,4.6,9.3
Bhind,Total,100,49,4.1,23
Bhind,Urban,100,40.7,2.5,67.3
Gwalior,Rural,100,48.1,4.5,17.3
Gwalior,Total,100,35.2,3,59.8
Gwalior,Urban,100,26.9,2,87
Datia,Rural,100,46.7,2.7,11.3
Datia,Total,100,44.2,2.8,22.1
Datia,Urban,100,34.8,3,63.1
Shivpuri,Rural,100,54.3,4.2,5.6
Shivpuri,Total,100,50.9,4,14.6
Shivpuri,Urban,100,31.5,2.8,65.7
Tikamgarh,Rural,100,44.7,2.9,3.9
Tikamgarh,Total,100,42.9,2.8,10.2
Tikamgarh,Urban,100,32.9,2.7,45.2
Chhatarpur,Rural,100,45.2,2.6,5.2
Chhatarpur,Total,100,42.1,2.4,15.3
Chhatarpur,Urban,100,29.1,1.6,57.9
Panna,Rural,100,47.5,3,5
Panna,Total,100,46.3,2.9,10.2
Panna,Urban,100,36,2.3,53.8
Sagar,Rural,100,51.6,4.7,11.2
Sagar,Total,100,46.5,4.1,25.1
Sagar,Urban,100,32.1,2.5,64.7
Damoh,Rural,100,54.1,5,5.9
Damoh,Total,100,50.7,4.6,14.4
Damoh,Urban,100,34.1,2.9,56.2
Satna,Rural,100,39.2,2.2,22.8
Satna,Total,100,36.3,2.2,29.8
Satna,Urban,100,23.4,2.3,60.5
Rewa,Rural,100,34.7,2.1,17.8
Rewa,Total,100,32.9,2.2,23.4
Rewa,Urban,100,21.8,2.4,59.5
Umaria,Rural,100,47.2,4.2,5.8
Umaria,Total,100,44.2,3.9,13.7
Umaria,Urban,100,28.3,2.1,55.2
Neemuch,Rural,100,46.3,2.8,13.2
Neemuch,Total,100,41.5,2.4,26.3
Neemuch,Urban,100,27.6,1.4,63.6
Mandsaur,Rural,100,49.7,2.3,13.3
Mandsaur,Total,100,45.8,2.2,24
Mandsaur,Urban,100,29.5,1.7,68.2
Ratlam,Rural,100,57.7,3.5,13.4
Ratlam,Total,100,49.3,2.9,32.8
Ratlam,Urban,100,27.5,1.4,82.8
Ujjain,Rural,100,54.9,3.8,17.9
Ujjain,Total,100,45.4,3.1,43
Ujjain,Urban,100,30.1,1.9,83.6
Shajapur,Rural,100,56.7,4.4,13.4
Shajapur,Total,100,52.2,4,23.1
Shajapur,Urban,100,32.1,2.4,66.7
Dewas,Rural,100,49,6.2,21.7
Dewas,Total,100,43.9,5.2,37
Dewas,Urban,100,30.5,2.6,77.3
Dhar,Rural,100,56.5,4.7,19.2
Dhar,Total,100,51.6,4.4,30.1
Dhar,Urban,100,30.7,3,76.4
Indore,Rural,100,41.4,4.6,41.5
Indore,Total,100,27.8,3.2,78.1
Indore,Urban,100,23.3,2.7,90.3
Khargone (West Nimar),Rural,100,56.9,6.3,13
Khargone (West Nimar),Total,100,52.7,5.8,22.4
Khargone (West Nimar),Urban,100,29.5,3.2,73.8
Barwani,Rural,100,60.2,5.2,10.3
Barwani,Total,100,56.7,5,18.9
Barwani,Urban,100,37.4,4.1,66.1
Rajgarh,Rural,100,60.4,6.5,7.8
Rajgarh,Total,100,56.6,6,15.9
Rajgarh,Urban,100,35.7,3.2,61
Vidisha,Rural,100,45.2,3,11.5
Vidisha,Total,100,42,2.8,24.7
Vidisha,Urban,100,30.6,2.1,71.5
Bhopal,Rural,100,46.6,4.3,21.5
Bhopal,Total,100,33.2,2.9,72.2
Bhopal,Urban,100,30.1,2.6,83.9
Sehore,Rural,100,43.6,6.6,21.7
Sehore,Total,100,41.4,5.9,31.9
Sehore,Urban,100,31.3,2.5,79.1
Raisen,Rural,100,46.4,7.2,18.5
Raisen,Total,100,44.3,6.5,30.1
Raisen,Urban,100,36.4,4,72
Betul,Rural,100,45.6,4.8,12.9
Betul,Total,100,42.5,4.4,24.8
Betul,Urban,100,30.3,3,71.6
Harda,Rural,100,42.2,7.7,38.3
Harda,Total,100,39,7,46.6
Harda,Urban,100,26.5,4.4,79.3
Hoshangabad,Rural,100,43.9,10.2,33.8
Hoshangabad,Total,100,39.2,8.1,48.3
Hoshangabad,Urban,100,28.7,3.4,80.6
Katni,Rural,100,46.5,4.4,8.6
Katni,Total,100,43.1,4,19.4
Katni,Urban,100,28.6,2.4,65.8
Jabalpur,Rural,100,46.2,5.7,26.8
Jabalpur,Total,100,37.1,4.2,55.7
Jabalpur,Urban,100,29.4,2.9,80.2
Narsimhapur,Rural,100,48.9,9.8,27.5
Narsimhapur,Total,100,46.3,9.2,35.2
Narsimhapur,Urban,100,33.7,5.9,71.8
Dindori,Rural,100,51.2,2.7,3.7
Dindori,Total,100,50.6,2.8,5.9
Dindori,Urban,100,37.7,5.5,55.3
Mandla,Rural,100,43.2,4.3,6.7
Mandla,Total,100,41.5,4.3,13.3
Mandla,Urban,100,28.6,4,65.1
Chhindwara,Rural,100,50.3,5.1,12.3
Chhindwara,Total,100,46.2,4.7,25.5
Chhindwara,Urban,100,33.5,3.7,66.3
Seoni,Rural,100,45.1,4.9,15.2
Seoni,Total,100,43.1,4.8,21.8
Seoni,Urban,100,27.7,3.5,73.9
Balaghat,Rural,100,38.3,5.4,11.7
Balaghat,Total,100,37.1,5.1,18.6
Balaghat,Urban,100,29.4,3.4,63.1
Guna,Rural,100,49.2,2.9,7.4
Guna,Total,100,45.4,3,19.8
Guna,Urban,100,33.6,3.3,59.6
Ashoknagar,Rural,100,44,2.7,7
Ashoknagar,Total,100,42.9,2.5,15.4
Ashoknagar,Urban,100,37.8,1.7,56.3
Shahdol,Rural,100,44.2,2.9,7.6
Shahdol,Total,100,41.5,2.9,17.5
Shahdol,Urban,100,29.2,2.7,63.7
Anuppur,Rural,100,36.8,1.9,4.4
Anuppur,Total,100,33.8,2,17.7
Anuppur,Urban,100,25,2.2,56.9
Sidhi,Rural,100,38.2,1.9,4.1
Sidhi,Total,100,37.3,1.9,7.5
Sidhi,Urban,100,26.8,1.5,49
Singrauli,Rural,100,44.4,1.9,2.2
Singrauli,Total,100,41.2,2,11.3
Singrauli,Urban,100,27.1,2.6,52.1
Jhabua,Rural,100,62.6,5.1,5.8
Jhabua,Total,100,59.5,4.8,11.7
Jhabua,Urban,100,25.5,1.8,76.8
Alirajpur,Rural,100,62.1,4,5
Alirajpur,Total,100,59.5,3.9,10.5
Alirajpur,Urban,100,29.8,2.6,75.3
Khandwa (East Nimar),Rural,100,52.4,8,17.4
Khandwa (East Nimar),Total,100,48.5,7.4,26.9
Khandwa (East Nimar),Urban,100,31.1,4.4,69.3
Burhanpur,Rural,100,48.4,6.4,18.5
Burhanpur,Total,100,46.2,5.6,35.1
Burhanpur,Urban,100,41.7,3.9,68.6
Kachchh,Rural,100,25.4,1.1,49.2
Kachchh,Total,100,23.9,1.1,63
Kachchh,Urban,100,21.4,1,87.9
Banas Kantha,Rural,100,38.8,4,17.1
Banas Kantha,Total,100,36.6,3.6,26
Banas Kantha,Urban,100,23.8,1.5,78
Patan,Rural,100,37.3,3.8,35.9
Patan,Total,100,34.7,3.3,46.1
Patan,Urban,100,25.5,1.5,82.4
Mahesana,Rural,100,32.8,2.6,44.4
Mahesana,Total,100,30,2.2,54.7
Mahesana,Urban,100,21.8,1.3,85
Sabar Kantha,Rural,100,41.1,2.1,31.1
Sabar Kantha,Total,100,38.9,2,38.2
Sabar Kantha,Urban,100,27.1,1.6,76.7
Gandhinagar,Rural,100,36.6,2.3,42.8
Gandhinagar,Total,100,31.2,1.8,59.6
Gandhinagar,Urban,100,24.4,1.3,80.8
Ahmadabad,Rural,100,40.5,2,32.9
Ahmadabad,Total,100,26.4,0.8,83
Ahmadabad,Urban,100,23.9,0.6,92.1
Surendranagar,Rural,100,36.4,2.3,20.8
Surendranagar,Total,100,32.7,2,35.3
Surendranagar,Urban,100,23.8,1.4,70
Rajkot,Rural,100,28.4,1.5,44
Rajkot,Total,100,24.5,1.2,69.4
Rajkot,Urban,100,21.9,1.1,86.5
Jamnagar,Rural,100,30.1,1.6,34.8
Jamnagar,Total,100,26.8,1.3,57.2
Jamnagar,Urban,100,23,1,83.8
Porbandar,Rural,100,30.4,2.3,39.1
Porbandar,Total,100,27.6,1.8,57.9
Porbandar,Urban,100,24.6,1.3,77.4
Junagadh,Rural,100,32.7,1.7,46
Junagadh,Total,100,29.7,1.6,59.6
Junagadh,Urban,100,23.9,1.4,85.7
Amreli,Rural,100,28.9,1.7,52.1
Amreli,Total,100,27.8,1.5,58.8
Amreli,Urban,100,24.7,1,78.4
Bhavnagar,Rural,100,33.2,1.5,32.1
Bhavnagar,Total,100,29.9,1.3,53.9
Bhavnagar,Urban,100,25.7,1.1,81.6
Anand,Rural,100,41.3,2.1,41.3
Anand,Total,100,36.7,1.9,54
Anand,Urban,100,26.1,1.3,83
Kheda,Rural,100,42.2,2.5,25.4
Kheda,Total,100,38.3,2.3,37.3
Kheda,Urban,100,25,1.5,78.5
Panch Mahals,Rural,100,50.4,2.6,17
Panch Mahals,Total,100,46.5,2.4,27.2
Panch Mahals,Urban,100,24.4,1.1,84.1
Dohad,Rural,100,59.5,2.1,6.1
Dohad,Total,100,55.7,2,13.1
Dohad,Urban,100,23.6,1.1,71.8
Vadodara,Rural,100,46,2,28.5
Vadodara,Total,100,32.3,1.4,61.7
Vadodara,Urban,100,19.9,0.8,91.9
Narmada,Rural,100,43.9,1.3,16
Narmada,Total,100,42.8,1.4,22.3
Narmada,Urban,100,33.7,1.9,74.7
Bharuch,Rural,100,38.2,1.5,45.8
Bharuch,Total,100,31.9,1.2,61.2
Bharuch,Urban,100,20.2,0.6,89.4
The Dangs,Rural,100,36.3,1.1,25.3
The Dangs,Total,100,35.4,1,28.4
The Dangs,Urban,100,26.8,0.7,57.8
Navsari,Rural,100,34.5,1.4,44.5
Navsari,Total,100,30,1.2,57.2
Navsari,Urban,100,20,0.9,85.7
Valsad,Rural,100,39.7,1.3,27.6
Valsad,Total,100,33.6,1.1,47.2
Valsad,Urban,100,24.6,0.9,76
Surat,Rural,100,30.9,1.2,49.9
Surat,Total,100,22.1,0.6,84.9
Surat,Urban,100,19.8,0.5,93.8
Tapi,Rural,100,36.3,1,23
Tapi,Total,100,35.7,1,28.1
Tapi,Urban,100,29.8,0.8,77.5
Diu,Rural,100,12.7,0.3,43.3
Diu,Total,100,11.7,0.2,58.8
Diu,Urban,100,10.7,0.2,74.7
Daman,Rural,100,26.4,0.9,57.3
Daman,Total,100,35.5,0.6,82.4
Daman,Urban,100,37.1,0.6,86.8
Dadra & Nagar Haveli,Rural,100,45.5,0.8,26.5
Dadra & Nagar Haveli,Total,100,32.7,0.5,54.7
Dadra & Nagar Haveli,Urban,100,20.8,0.2,81.3
Nandurbar,Rural,100,48.9,3.9,22.3
Nandurbar,Total,100,45.9,3.8,28.7
Nandurbar,Urban,100,29.2,3.3,63.5
Dhule,Rural,100,37.4,3.4,18.7
Dhule,Total,100,33.5,3,31.2
Dhule,Urban,100,22.7,1.6,65.3
Jalgaon,Rural,100,38.9,5.5,22.6
Jalgaon,Total,100,35.3,4.3,35.5
Jalgaon,Urban,100,27.1,1.7,64.9
Buldana,Rural,100,46.9,6.7,29.1
Buldana,Total,100,44.4,6.1,35.3
Buldana,Urban,100,34.4,3.5,60.9
Akola,Rural,100,47.5,7.1,30.9
Akola,Total,100,42.5,5.9,46.1
Akola,Urban,100,33.8,3.7,72.3
Washim,Rural,100,46.3,6.7,27.5
Washim,Total,100,44.6,6,33.8
Washim,Urban,100,35.7,2.6,67.3
Amravati,Rural,100,44.6,6.6,41.1
Amravati,Total,100,40.2,5.4,53.7
Amravati,Urban,100,31.3,2.9,78.6
Wardha,Rural,100,43.7,9.5,47.2
Wardha,Total,100,37.7,7.7,56.7
Wardha,Urban,100,24,3.7,78.4
Nagpur,Rural,100,39,8.3,46.1
Nagpur,Total,100,28.7,4.6,75.7
Nagpur,Urban,100,23.7,2.8,90
Bhandara,Rural,100,43.6,8.1,55.8
Bhandara,Total,100,40.1,7.2,61.2
Bhandara,Urban,100,25,3.4,84.3
Gondiya,Rural,100,40.3,5.2,47.5
Gondiya,Total,100,38.1,4.9,52.4
Gondiya,Urban,100,27,3.3,77.3
Gadchiroli,Rural,100,42.6,8.7,22.2
Gadchiroli,Total,100,40.9,8.1,27
Gadchiroli,Urban,100,27,4,65.9
Chandrapur,Rural,100,41.3,11.2,29.1
Chandrapur,Total,100,35.9,8.6,43.3
Chandrapur,Urban,100,25.2,3.4,71.7
Yavatmal,Rural,100,46.9,8.1,21.8
Yavatmal,Total,100,43.4,7.3,31
Yavatmal,Urban,100,29.3,3.9,68.2
Nanded,Rural,100,51.2,7.8,19.2
Nanded,Total,100,47,6.8,33.1
Nanded,Urban,100,35,4,73.2
Hingoli,Rural,100,46.7,6,26.9
Hingoli,Total,100,45.6,5.6,32.4
Hingoli,Urban,100,38.7,3.1,65.7
Parbhani,Rural,100,47.3,8.3,13.3
Parbhani,Total,100,44,7.2,28.8
Parbhani,Urban,100,35.8,4.4,66.9
Jalna,Rural,100,41,6.9,29.2
Jalna,Total,100,40.2,6.2,36.5
Jalna,Urban,100,36.5,3.1,70.2
Aurangabad,Rural,100,39.7,8,19.8
Aurangabad,Total,100,32.3,5.2,48.9
Aurangabad,Urban,100,22.6,1.4,87.4
Nashik,Rural,100,34.5,5.6,29.3
Nashik,Total,100,30,4.2,46.8
Nashik,Urban,100,24.3,2.5,69.1
Thane,Rural,100,36.8,5.8,39.7
Thane,Total,100,25,2.1,67
Thane,Urban,100,21.7,1.1,74.5
Mumbai Suburban,Total,100,27.1,1.4,54.7
Mumbai Suburban,Urban,100,27.1,1.4,54.7
Mumbai,Total,100,26.2,1.5,67
Mumbai,Urban,100,26.2,1.5,67
Raigarh,Rural,100,28.3,3.6,50.9
Raigarh,Total,100,24.4,2.6,62
Raigarh,Urban,100,17.7,1.1,81
Pune,Rural,100,23.9,4.9,61.8
Pune,Total,100,22,2.6,73.8
Pune,Urban,100,20.9,1.3,80.5
Ahmadnagar,Rural,100,30.6,7.4,39.1
Ahmadnagar,Total,100,29.1,6.4,46.1
Ahmadnagar,Urban,100,23.1,2.5,73.6
Bid,Rural,100,41,8,15.4
Bid,Total,100,39.2,7.1,25.1
Bid,Urban,100,30.8,2.9,69.1
Latur,Rural,100,40.1,5.7,24.8
Latur,Total,100,37.8,4.9,37.6
Latur,Urban,100,30.6,2.6,77.9
Osmanabad,Rural,100,38.2,6.2,22.2
Osmanabad,Total,100,37.2,5.6,27.7
Osmanabad,Urban,100,31.6,2.8,57.8
Solapur,Rural,100,29.6,7.8,32.1
Solapur,Total,100,30,5.9,41.3
Solapur,Urban,100,30.8,1.9,60.9
Satara,Rural,100,27.8,5.3,70.1
Satara,Total,100,26.4,4.8,71.1
Satara,Urban,100,20.7,2.7,75.4
Ratnagiri,Rural,100,28.7,4.1,67.2
Ratnagiri,Total,100,26.9,3.8,69.4
Ratnagiri,Urban,100,16.6,1.9,82
Sindhudurg,Rural,100,27.6,4.6,74.4
Sindhudurg,Total,100,27.2,4.4,75.9
Sindhudurg,Urban,100,23.8,3,86.8
Kolhapur,Rural,100,24.3,2,74.4
Kolhapur,Total,100,23.6,1.7,74.5
Kolhapur,Urban,100,22.2,1.2,74.7
Sangli,Rural,100,27.4,5.1,60.5
Sangli,Total,100,26.9,4.4,64.9
Sangli,Urban,100,25.3,2.4,77.6
Adilabad,Rural,100,35.7,6.5,13.8
Adilabad,Total,100,32.4,5.5,29.3
Adilabad,Urban,100,23.5,2.8,70.7
Nizamabad,Rural,100,31.8,4.3,29.4
Nizamabad,Total,100,30.4,3.8,41.6
Nizamabad,Urban,100,25.4,2.2,85.5
Karimnagar,Rural,100,32.4,5.1,34.2
Karimnagar,Total,100,29.7,4.3,46.2
Karimnagar,Urban,100,21,1.8,84.4
Medak,Rural,100,34.6,4.4,31.8
Medak,Total,100,31,3.7,44.1
Medak,Urban,100,19.4,1.2,84.6
Hyderabad,Total,100,19.1,0.9,98.5
Hyderabad,Urban,100,19.1,0.9,98.5
Rangareddy,Rural,100,25.5,2.2,43.5
Rangareddy,Total,100,18.8,1.1,81.4
Rangareddy,Urban,100,16.2,0.7,96
Mahbubnagar,Rural,100,30.8,6.2,17.9
Mahbubnagar,Total,100,29.2,5.6,26.4
Mahbubnagar,Urban,100,19,1.7,78.1
Nalgonda,Rural,100,34.2,5.9,31.9
Nalgonda,Total,100,32.5,5.2,40.6
Nalgonda,Urban,100,24.3,1.7,81.2
Warangal,Rural,100,38.8,8.5,29.7
Warangal,Total,100,34.8,7,43.7
Warangal,Urban,100,23.7,2.9,82.4
Khammam,Rural,100,33.9,5.2,37.4
Khammam,Total,100,31.3,4.5,48.2
Khammam,Urban,100,22.6,2.2,85.4
Srikakulam,Rural,100,32.1,3.5,12.8
Srikakulam,Total,100,30.4,3.2,21.2
Srikakulam,Urban,100,21.4,1.7,65.9
Vizianagaram,Rural,100,30.9,3.3,10.7
Vizianagaram,Total,100,28.7,3,22
Vizianagaram,Urban,100,20,1.9,66.4
Visakhapatnam,Rural,100,29.7,3.2,21.4
Visakhapatnam,Total,100,23.6,2.2,51.3
Visakhapatnam,Urban,100,17,1.1,83.5
East Godavari,Rural,100,30.4,3.9,47
East Godavari,Total,100,28.1,3.3,56.9
East Godavari,Urban,100,20.9,1.7,87.3
West Godavari,Rural,100,30,4.8,58.9
West Godavari,Total,100,28.3,4.3,64.6
West Godavari,Urban,100,21.1,2.2,88.7
Krishna,Rural,100,30.8,4.4,56.2
Krishna,Total,100,26.7,3.4,70.4
Krishna,Urban,100,20.1,1.7,93
Guntur,Rural,100,31,4.2,46.5
Guntur,Total,100,28.1,3.5,59.2
Guntur,Urban,100,21.9,1.9,86.3
Prakasam,Rural,100,29.8,4.2,28
Prakasam,Total,100,28.2,3.7,37.5
Prakasam,Urban,100,21.2,2,77.4
Sri Potti Sriramulu Nellore,Rural,100,27.9,4.3,25.5
Sri Potti Sriramulu Nellore,Total,100,24.9,3.7,39.6
Sri Potti Sriramulu Nellore,Urban,100,16.6,1.9,78.8
Y.S.R.,Rural,100,21.9,2.6,28.4
Y.S.R.,Total,100,20.8,2.1,44.8
Y.S.R.,Urban,100,18.6,1.1,79.1
Kurnool,Rural,100,27,3.3,27.6
Kurnool,Total,100,25.3,2.8,40.3
Kurnool,Urban,100,21,1.4,72.7
Anantapur,Rural,100,21.7,2.9,22
Anantapur,Total,100,21.5,2.5,36.8
Anantapur,Urban,100,20.9,1.3,76.2
Chittoor,Rural,100,22.4,3.7,19.6
Chittoor,Total,100,20.2,3,37.4
Chittoor,Urban,100,14.7,1.2,81.5
Belgaum,Rural,100,38.5,4.7,18.5
Belgaum,Total,100,35.1,3.9,32.8
Belgaum,Urban,100,25.5,1.9,72.4
Bagalkot,Rural,100,42.9,5.2,7.2
Bagalkot,Total,100,39.6,4.7,18.8
Bagalkot,Urban,100,32.9,3.7,42.5
Bijapur,Rural,100,41.7,6.8,5
Bijapur,Total,100,38.3,5.9,18.1
Bijapur,Urban,100,27.7,2.9,59.5
Bidar,Rural,100,56.7,5,8.8
Bidar,Total,100,50.2,4.5,23.2
Bidar,Urban,100,30,3,68.1
Raichur,Rural,100,43.2,7.1,10
Raichur,Total,100,39.9,6.2,20.7
Raichur,Urban,100,30.9,3.6,50.4
Koppal,Rural,100,39.4,5.2,12
Koppal,Total,100,37.2,4.9,18.5
Koppal,Urban,100,26.7,3.7,48.4
Gadag,Rural,100,41.8,5.1,9.2
Gadag,Total,100,39.6,4.5,21.2
Gadag,Urban,100,35.7,3.4,42.3
Dharwad,Rural,100,40.4,3.9,23.1
Dharwad,Total,100,33.8,2.8,57
Dharwad,Urban,100,29,2,82
Uttara Kannada,Rural,100,48.1,6.4,50.6
Uttara Kannada,Total,100,45,5.4,59.3
Uttara Kannada,Urban,100,37.3,3.2,80.6
Haveri,Rural,100,44.9,5,28.2
Haveri,Total,100,41.6,4.5,37.3
Haveri,Urban,100,29.9,2.9,69.7
Bellary,Rural,100,39.9,5.4,12.1
Bellary,Total,100,35.5,4.5,32.4
Bellary,Urban,100,28.8,3,63.5
Chitradurga,Rural,100,45,5.9,19.1
Chitradurga,Total,100,42.3,5.1,30.3
Chitradurga,Urban,100,31.7,2,73.9
Davanagere,Rural,100,46.1,5.8,29.8
Davanagere,Total,100,41,4.8,46.4
Davanagere,Urban,100,30.7,2.8,80.9
Shimoga,Rural,100,45.8,7.3,61.8
Shimoga,Total,100,40.9,5.8,71.2
Shimoga,Urban,100,32.2,3.2,87.7
Udupi,Rural,100,34.5,4.2,83.6
Udupi,Total,100,31.7,3.6,87.2
Udupi,Urban,100,25,2.1,96
Chikmagalur,Rural,100,45.5,5.5,54.1
Chikmagalur,Total,100,42.3,4.9,61.5
Chikmagalur,Urban,100,30.5,2.9,89.4
Tumkur,Rural,100,40.9,5.8,18.3
Tumkur,Total,100,38.1,5.1,32.5
Tumkur,Urban,100,27.9,2.5,82.5
Bangalore,Rural,100,28.8,2.5,74.8
Bangalore,Total,100,20.7,1.2,94.8
Bangalore,Urban,100,19.9,1.1,96.8
Mandya,Rural,100,44.2,4.5,27.5
Mandya,Total,100,41.9,4.3,37.5
Mandya,Urban,100,30.9,3.1,85.9
Hassan,Rural,100,48.7,6.2,26.7
Hassan,Total,100,44.8,5.4,39.9
Hassan,Urban,100,29.7,2.4,89.9
Dakshina Kannada,Rural,100,40.8,3.7,88.1
Dakshina Kannada,Total,100,33.8,2.7,92.7
Dakshina Kannada,Urban,100,26.3,1.6,97.6
Kodagu,Rural,100,40,4.6,78.8
Kodagu,Total,100,39,4.4,81.4
Kodagu,Urban,100,33.4,3.2,97
Mysore,Rural,100,48,5.3,27
Mysore,Total,100,39.9,4,55
Mysore,Urban,100,28.5,2.2,94.2
Chamarajanagar,Rural,100,47.5,7,15.4
Chamarajanagar,Total,100,45.8,6.6,23.5
Chamarajanagar,Urban,100,37.4,4.5,64.3
Gulbarga,Rural,100,43.4,3.7,4.5
Gulbarga,Total,100,38.6,3,25.5
Gulbarga,Urban,100,28.8,1.5,68.2
Yadgir,Rural,100,51.2,5.5,4.3
Yadgir,Total,100,48,5,11.2
Yadgir,Urban,100,34.4,2.9,40.2
Kolar,Rural,100,40.9,5.1,25.5
Kolar,Total,100,38,4,42.8
Kolar,Urban,100,31.6,1.6,80.2
Chikkaballapura,Rural,100,38.3,4.9,23
Chikkaballapura,Total,100,36,4.2,36.5
Chikkaballapura,Urban,100,27.9,1.6,84.3
Bangalore Rural,Rural,100,36.5,3.7,75.5
Bangalore Rural,Total,100,34.4,3.1,79.9
Bangalore Rural,Urban,100,29.1,1.7,91.3
Ramanagara,Rural,100,43.5,6.8,28
Ramanagara,Total,100,41.3,6,41.9
Ramanagara,Urban,100,34.2,3.2,88.5
North Goa,Rural,100,23,1.8,68.7
North Goa,Total,100,21,1.4,78.7
North Goa,Urban,100,19.6,1.1,85.3
South Goa,Rural,100,23.4,2,73.8
South Goa,Total,100,24.1,1.7,81
South Goa,Urban,100,24.4,1.5,85.2
LAKSHADWEEP,Rural,100,40.86,1.74,98.06
LAKSHADWEEP,Total,100,20.57,0.78,97.8
LAKSHADWEEP,Urban,100,14.32,0.48,97.71
Kasaragod,Rural,100,31.9,7.6,88.8
Kasaragod,Total,100,26.8,5.8,91.8
Kasaragod,Urban,100,18.5,2.7,96.6
Kannur,Rural,100,31.1,6.2,96.3
Kannur,Total,100,23.7,3.6,97.6
Kannur,Urban,100,19.4,2.1,98.5
Wayanad,Rural,100,35.4,9,91.7
Wayanad,Total,100,35.5,8.9,91.8
Wayanad,Urban,100,40,5.5,95.3
Kozhikode,Rural,100,27.1,6.6,97
Kozhikode,Total,100,21.9,4.6,97.8
Kozhikode,Urban,100,19.3,3.6,98.2
Malappuram,Rural,100,27.6,4.2,96.5
Malappuram,Total,100,24.8,3.4,97.4
Malappuram,Urban,100,21.3,2.5,98.5
Palakkad,Rural,100,35.4,5.4,88.2
Palakkad,Total,100,33.6,4.9,89.8
Palakkad,Urban,100,28.1,3.3,94.9
Thrissur,Rural,100,35.2,5.1,96.9
Thrissur,Total,100,30.7,4.4,97.8
Thrissur,Urban,100,28.5,4.1,98.3
Ernakulam,Rural,100,29.6,5,96.9
Ernakulam,Total,100,24.6,3.7,97.9
Ernakulam,Urban,100,22.3,3.1,98.3
Idukki,Rural,100,44.1,8.3,88.7
Idukki,Total,100,43.2,8,89.1
Idukki,Urban,100,23.5,1.4,99.3
Kottayam,Rural,100,35,4.6,96
Kottayam,Total,100,32.5,4.1,96.6
Kottayam,Urban,100,26.5,2.6,98.2
Alappuzha,Rural,100,29.9,7.7,90.9
Alappuzha,Total,100,28.2,7,92.9
Alappuzha,Urban,100,26.7,6.5,94.7
Pathanamthitta,Rural,100,30.2,4.9,93.7
Pathanamthitta,Total,100,29.5,4.7,93.9
Pathanamthitta,Urban,100,23.7,2.8,96
Kollam,Rural,100,29.9,7.5,93
Kollam,Total,100,27.5,6.6,94.5
Kollam,Urban,100,24.4,5.5,96.4
Thiruvananthapuram,Rural,100,34.2,10.2,91.9
Thiruvananthapuram,Total,100,29.8,8,94.2
Thiruvananthapuram,Urban,100,25.9,6.1,96.3
Thiruvallur,Rural,100,32.4,3.3,28.3
Thiruvallur,Total,100,23.1,1.8,67.9
Thiruvallur,Urban,100,18.1,1,88.8
Chennai,Total,100,17.4,0.9,95.6
Chennai,Urban,100,17.4,0.9,95.6
Kancheepuram,Rural,100,31.7,2.3,29.3
Kancheepuram,Total,100,22.6,1.3,65.5
Kancheepuram,Urban,100,17.6,0.8,85.6
Vellore,Rural,100,27.8,2.3,19.2
Vellore,Total,100,24.9,2,41.1
Vellore,Urban,100,21,1.5,71.2
Tiruvannamalai,Rural,100,29,2.3,12.5
Tiruvannamalai,Total,100,27,2.1,22.8
Tiruvannamalai,Urban,100,18.7,1.3,65.1
Viluppuram,Rural,100,36,2,13.2
Viluppuram,Total,100,34.2,1.9,21.1
Viluppuram,Urban,100,23.8,1.5,65.6
Salem,Rural,100,32.2,2.3,14.6
Salem,Total,100,28.3,1.8,35
Salem,Urban,100,24.4,1.3,54.9
Namakkal,Rural,100,25.4,1.8,31.2
Namakkal,Total,100,24.9,1.6,40.7
Namakkal,Urban,100,24.3,1.2,54.6
Erode,Rural,100,28.6,2,33.7
Erode,Total,100,26.2,1.5,49
Erode,Urban,100,23.8,1.1,63.8
The Nilgiris,Rural,100,34.6,2.1,42.3
The Nilgiris,Total,100,35.6,2,51.9
The Nilgiris,Urban,100,36.4,1.9,58.9
Dindigul,Rural,100,31.5,1.8,18.9
Dindigul,Total,100,29.4,1.6,33.3
Dindigul,Urban,100,25.9,1.4,57.4
Karur,Rural,100,29,2.2,23
Karur,Total,100,25.3,1.6,41.2
Karur,Urban,100,20.1,0.9,67.1
Tiruchirappalli,Rural,100,29.8,2.4,24
Tiruchirappalli,Total,100,25.7,1.8,48.5
Tiruchirappalli,Urban,100,21.4,1.2,74.2
Perambalur,Rural,100,30.2,2.2,15.6
Perambalur,Total,100,28,2,22.2
Perambalur,Urban,100,16.9,0.9,55.2
Ariyalur,Rural,100,37.9,3.4,14.2
Ariyalur,Total,100,36.8,3.2,18.1
Ariyalur,Urban,100,27.7,2,51.3
Cuddalore,Rural,100,38.9,2.4,19.9
Cuddalore,Total,100,34.8,2.1,36.1
Cuddalore,Urban,100,26.4,1.5,68.6
Nagapattinam,Rural,100,44.7,3.2,31.2
Nagapattinam,Total,100,41.7,3,39.5
Nagapattinam,Urban,100,31,2.4,69.7
Thiruvarur,Rural,100,44.8,4.1,31.5
Thiruvarur,Total,100,41.4,3.7,39.7
Thiruvarur,Urban,100,27.9,1.7,72.8
Thanjavur,Rural,100,43.1,4.5,28.8
Thanjavur,Total,100,38,3.6,45.1
Thanjavur,Urban,100,28.7,2,74.8
Pudukkottai,Rural,100,39.5,4.2,17.7
Pudukkottai,Total,100,36.6,3.7,28
Pudukkottai,Urban,100,25.1,1.6,69.3
Sivaganga,Rural,100,31.7,3,23.9
Sivaganga,Total,100,28.8,2.5,40.7
Sivaganga,Urban,100,22,1.4,78.5
Madurai,Rural,100,32.1,2.1,20.7
Madurai,Total,100,23.2,1.3,59.2
Madurai,Urban,100,17.3,0.8,84.8
Theni,Rural,100,35.2,2.1,24.8
Theni,Total,100,32.4,1.6,39.3
Theni,Urban,100,29.9,1.3,52
Virudhunagar,Rural,100,27,1.7,14.6
Virudhunagar,Total,100,23.1,1.3,30.9
Virudhunagar,Urban,100,19.3,0.9,46.9
Ramanathapuram,Rural,100,34.4,3,22.5
Ramanathapuram,Total,100,31.6,2.6,36.6
Ramanathapuram,Urban,100,25.1,1.6,70.6
Thoothukkudi,Rural,100,33.5,2,28.2
Thoothukkudi,Total,100,28.5,1.6,50
Thoothukkudi,Urban,100,23.2,1.3,73.1
Tirunelveli,Rural,100,30.3,1.6,33.2
Tirunelveli,Total,100,27.8,1.4,47.6
Tirunelveli,Urban,100,25.1,1.1,62.9
Kanniyakumari,Rural,100,35.6,2.7,83.1
Kanniyakumari,Total,100,33.4,2.9,87.5
Kanniyakumari,Urban,100,33,3,88.4
Dharmapuri,Rural,100,33.1,2.5,10.7
Dharmapuri,Total,100,31.4,2.3,19
Dharmapuri,Urban,100,23,1.6,59
Krishnagiri,Rural,100,32.7,2.2,19.2
Krishnagiri,Total,100,29.4,1.8,33
Krishnagiri,Urban,100,18.3,0.6,78.3
Coimbatore,Rural,100,27.4,1.6,33.3
Coimbatore,Total,100,24.9,1,66.7
Coimbatore,Urban,100,24.1,0.8,77.9
Tiruppur,Rural,100,27.6,1.7,30.9
Tiruppur,Total,100,25.3,1.1,57.2
Tiruppur,Urban,100,23.6,0.7,75
Yanam,Total,100,15.4,0.7,81.9
Yanam,Urban,100,15.4,0.7,81.9
Puducherry,Rural,100,31.9,2.6,35.8
Puducherry,Total,100,22.8,1.6,68.5
Puducherry,Urban,100,19,1.2,82.5
Mahe,Total,100,15.8,1.1,97.8
Mahe,Urban,100,15.8,1.1,97.8
Karaikal,Rural,100,36.8,2.1,47.6
Karaikal,Total,100,29.2,1.6,60.6
Karaikal,Urban,100,21,1.2,74.4
Nicobars,Rural,100,23.8,1.2,80.9
Nicobars,Total,100,23.8,1.2,80.9
North  & Middle Andaman,Rural,100,44.3,2.7,48
North  & Middle Andaman,Total,100,44.6,2.8,48.3
North  & Middle Andaman,Urban,100,55.9,6.6,56.1
South Andaman,Rural,100,33.5,3.5,64.7
South Andaman,Total,100,26.4,2.2,78.3
South Andaman,Urban,100,21.4,1.2,87.8
